user_id,rec
1,[1082185  865456  856942 1041796 1132771]
2,[1106523 1075368  916122 1082185  899624]
3,[1082185 1106523 5569230  899624 5585510]
6,[1082185 1098844 1024306 1029743 1070820]
7,[1126899 1106523 1029743 1122358 1082185]
8,[ 872137 1106523 1082185 1029743 5569230]
9,[1029743 1070820 1082185 5569230  871756]
10,[1082185 1106523  979707 1068719  845208]
13,[1029743 1082185 1132771 1038985 1043751]
14,[1029743 1025611 1122358 1082185  933067]
15,[1106523 1082185 1029743 1070820  854852]
16,[1082185  979707 1068719  845208 1022254]
18,[1082185 1108094  990797  976199  880150]
19,[1029743 1106523 1044078  844179 1081177]
20,[1075368 1126899 1082185  944836 8090536]
21,[1082185 1029743 1106523  979707 1068719]
22,[1070820 1082185  825749 5569374  976199]
23,[1034176 1075368 1051468 1082185 1029743]
24,[ 1106523  1082185  5569230  1094308 12302069]
25,[1029743 1082185 1106523 5568378  885863]
26,[1082185 1029743  916122 1122358  883003]
27,[1102416 1082185  949965  971922 1075368]
28,[1082185  916122 6534030 8090513  945662]
29,[1082185 1029743 1044078 5568378  979707]
30,[1082185 6534480  979707 1068719  845208]
31,[1055504  909714 1004906  896085  819978]
32,[1082185 1068719 1004436  944836 5569471]
33,[1082185 1106523 1029743 5569327  983584]
34,[1082185 1070702  909268  847573 1029743]
35,[1082185 1029743  986912 1126899 5569230]
36,[1029743 1082185 1024306  865705  909714]
37,[1067695 1097001 1082185  916990 1070702]
39,[1082185 1126899 1104343 6602697  835098]
40,[6034857 1082185 1055504 5563693 1104343]
41,[ 865705  909714 5585510  913210 1126899]
42,[1082185 6602697  839656  946839  916122]
43,[1082185 1029743  863447  979707 1068719]
46,[1029743 1082185  857503 1098844  999104]
47,[1082185  986912  999104 1044078  916122]
49,[1106523 1070820  839243 1082185 1029743]
50,[1082185  979707 1068719  845208  830503]
51,[1082185 1029743  885290  880427  986912]
52,[1106523 1082185 1074754  904997  972665]
53,[1087102 5569471 1082185  999858 6034857]
55,[1082185  871756  883932 1128240  979707]
56,[1126899 1082185 5569230  979707 5568489]
57,[1082185  986912 1106523  916122 7139529]
58,[1082185 1070820 5569374 5569471 1029743]
59,[1082185 6034857 1056509 1106523  952163]
62,[1082185  979707 1068719  845208 6034857]
63,[1082185 1046545  979707 1068719  845208]
64,[1131344 1013928 1106523 1082185 1068292]
65,[1082185 1070820 1075368 1029743  986912]
67,[1029743 5569230 5569471  933835  971922]
68,[1029743 1004906 1070820 1068719 1106523]
69,[ 1106523 12301100  1004906  1044188  1059902]
70,[1082185  979707 1068719  845208 6034857]
71,[ 1082185  1056509 12302069  6034857  1098844]
72,[1070820 1082185  865705  839243 1005274]
75,[1082185  979707 1068719  845208 6034857]
77,[1106523 1082185 1126899 1029743  916122]
78,[1082185  952972  835098 1106523  979707]
79,[1070820 1029743 1082185 5569230  999858]
80,[1082185 1055504 1029743  901062 1132771]
81,[1029743 1093413 1082185 1101010 1132771]
82,[1082185 5569230  863447 1000753  847573]
83,[1082185  823704  899624  979707 1068719]
84,[1082185  885290 5569374 5569471  979707]
85,[1082185  986912 1075368  844179  885863]
86,[1082185  865026  979707  854852 1029743]
87,[1048257 1082185  979707 1068719  845208]
88,[1029743 1075368 1082990 1044078  844179]
90,[1082185 1070820  979707 1068719  845208]
91,[1029743 1082185 5568249  916122 1038663]
92,[ 1126899  1082185   845208 12946027  1127758]
94,[1082185  979707 1044078 1068719  845208]
95,[1029743  983584 8090521 5568489 1082185]
97,[1082185 1075368 6034857  979707 1106523]
98,[1082185 1053754 1044078 6034857  979707]
99,[1029743 6034857  845208 1082185  899624]
100,[1082185 1029743  979707  983584 1068719]
101,[5569471 5569230 5569845 1082185 8090532]
103,[1106523 1082185 1029743  986912  899624]
104,[5569471 1098844 1029743 5568378  844179]
105,[1082185  999858 1004906 1106523 1101010]
106,[5569230 5568489 1082185 8090509 8090521]
107,[1082185 1106523 1029743 1037840 1075368]
109,[ 1082185  1126899  6034857 12731436   944836]
110,[1082185 1106523 1044078 1046545 1068719]
111,[1106523 1082185 8090539  899624 1004906]
112,[1082185 1070820 5569471 9527159  979707]
113,[1070820  999104  976199 1082185  934399]
114,[ 1029743  1082185  5568489 10344585   916122]
115,[1106523  983584  963971  913210 1128016]
116,[1082185 5569471 5569230 5569374 1044078]
117,[1082185  944534 1126899  948670 1041796]
118,[1082185 1006184  893018  909268  859191]
119,[1082185 1029743 1009187  979707  986912]
121,[1082185 1029743 8090537 1044078 5568378]
122,[1082185 5569230  916122  940947  883932]
123,[1126899 1082185 1029743 1070820 1056509]
124,[1082185  957063 1106523 1004906  892531]
125,[1029743 1126899  834117  934399 1082185]
126,[1004906 1082185 1025611 1029743  836445]
127,[1029743 1082185 1106523  854852 1075368]
128,[1082185 1098248 1029743 1070820 1008547]
131,[1082185  979707 1068719 1044078 1126899]
132,[1106523 1126899 1050851  999198 1082185]
133,[1082185 1029743 5569230 6534035 1022254]
134,[1029743 1106523  865456 1082185  913210]
135,[1082185  933835 5569374  885863  979707]
136,[1106523 1082185 8090537 8090521 5568489]
138,[1098844 5592610 1082185  979707 1070820]
139,[1082185  866211 1126899  979707 5568489]
140,[1082185 1106523 1037840 1029743  986912]
141,[1082185  854852 1098248  866211  979707]
142,[1082212 1082185  990797 5569327 1074754]
143,[ 1106523  1082185 12731714  1029743   965766]
146,[1082185 1029743 1081177  834117 1068719]
151,[1082185  872137 1126899  916122  976199]
153,[1082185  916122 1046545 1122358  897954]
156,[1051323 5569230 1106523 1000753 1070820]
157,[1082185 1070820 1126899 5569230 5569845]
158,[ 1082185   999858  1128240 10149640 12731714]
159,[1082185 1004906  846823 1068719  983584]
160,[1070820 1087102 1082185 1135834 1101010]
161,[1075368 1082185  957063 5568378 8090532]
162,[1070820 1029743 1122358 1038985 6034857]
164,[1106523 1029743 1082185 1081177  916122]
166,[1029743 1082185 1106523 5568378 1075368]
167,[1082185 1100972  914577 5569230  908318]
168,[1082185  880427 1029743 1081177 1106523]
169,[1082185 1075368  979707 1068719  944139]
171,[1044078 1082185 1029743 1004906 1081177]
172,[ 1082185  5569230   979707  1068719 12301839]
174,[1082185 1106523 5569230 5569845 1018740]
178,[1106523 1082185 1040807  827656 7168026]
183,[1106523 1082185 5568378  878996  986912]
184,[ 896085 1082185  848319 1075368  854852]
185,[1029743 1082185 5569471 5569230 8090509]
187,[ 1082185  1106523 10149640  5569230   979707]
188,[1082185 1106523  944534  979707 5569374]
190,[1082185 1029743 1018740  979707 1068719]
191,[ 1082185   979707  1068719   845208 12384775]
192,[1029743 5569230 1082212  990797 9245106]
193,[1029743 1106523 8090537  983584 8090521]
194,[ 845208 1082185 1106523 1051468  854852]
195,[1062128 1082185  856252  947201 1029743]
196,[1082185 1106523 1070702 1081177  893018]
197,[1126899 1082185  963835  856252 5568378]
198,[1106523 1029743 1068719 1082185  899624]
199,[ 1082185   863447  1082212   979707 12301073]
200,[1082185  823990  979707 1068719  999714]
201,[5569327 1082185 6034857 1138292 1106523]
202,[1082185 1029743 5569230 1106523 1051323]
203,[1082185 1070820 5569471  979707 1068719]
204,[1070820 1082185 6034857  979707 1068719]
205,[1106523 1082185 1051516 1122358 1026118]
208,[1070820  865456 1082185  965766 1106523]
209,[1029743 1126899 1082185 1068719 5569327]
210,[1106523 1082185 6034857  944534 1081177]
211,[1082185  945662  998444 1006878  844179]
212,[1082185 1070820 1029743  844179 1081177]
213,[1082185 1044078 1106523  979707 1068719]
214,[1019643  901062 1082185  999104 1055425]
215,[1082185  985999  916993  854852  871611]
216,[1082185 6533936  885863  986912 1040807]
217,[  986912  1029743  1082185 12731714  1106523]
218,[1082185 1115175 1097001 1029743  894439]
219,[1082185  866211 1135476 1098844 1024306]
220,[1029743 1082185  848319  979707 1016800]
221,[1082185 1040807 1106523  819978 5585510]
222,[1082185 1126899  878996 1105488  999779]
224,[1029743 1106523 1082185 1037840  899624]
225,[1082185 1029743  844179  897954  839243]
226,[1029743 1082185 5569327 6034857 5569230]
227,[1082185  890695  979707 1068719  845208]
228,[1082185 5569471 5569374  917033  933835]
230,[1029743 1082185  913210 8090537 1021116]
232,[1082185 1029743  913210 1106523  845208]
233,[1082185  979707 1068719  845208 6034857]
235,[1070820 1082185 1029743  961979 1125278]
236,[1029743 1082185 1126899 1075368 5569471]
239,[1106523 1082185  937292 1081177 1044078]
240,[1082185 1106523  926905  979707 1068719]
241,[1082185 5569845  979707 1055504 1068719]
242,[1082185  854852 1106523 1029743  909714]
243,[6034857 1126899 1082185  901062  976199]
244,[ 834117 1082185 5568378  952163  913210]
245,[1082185 1132771 1029743  823990  844179]
246,[1082185 1070820 1106523 1029743  834117]
247,[ 986912  901062 1082185  845208  883003]
248,[1126899 1082185 1029743 1106523  883003]
249,[1029743 1082185 1106523  965766  916122]
250,[5568378 1029743  910473 7441210 1056509]
251,[1082185 1040807  916122 1070820  933835]
252,[1082185 1025611  979707 1068719  845208]
253,[1106523 5568378 1082185 1022254 1051211]
254,[1082185 1106523  990797  979707 1068719]
256,[1082185  948670 5568378 1082212  944836]
257,[1106523 1082185 1029743 5568378  819978]
258,[1048257 1070820 1082185  866211 1029743]
259,[1082185  940947 8090537  979707 1068719]
260,[1082185 5568378 1070820  963971  859427]
262,[1082185 1019247 1132771 1040807  971922]
263,[1029743 1082185  940947 1026118 1044078]
264,[1082185 8177622  979707 1127831  887102]
265,[ 1082185  1106523 12810391  1068719   845208]
266,[1126899 1082185 1104349  934399  999104]
267,[1082185 1106523  902172  979707 1068719]
268,[ 1082185  5569230  1043751 12302069   854405]
269,[1082185  845208 5569845  863447  823990]
270,[1082185  986912 1106523 5569230  947201]
271,[1082185 1126899  986912  849202  979707]
273,[1106523 1082185 5569230  865456  854852]
274,[1082185  993638  883932 1106523  979707]
275,[1106523 1082185  945662  854852  844179]
276,[1082185 1075368 1037840  940947  944534]
278,[1082185 6034857 5585510 1051323  916122]
280,[  916122  1106523  1082185   999270 12302069]
281,[1082185 1070820  854852  999104  979707]
282,[1082185 1029743  979707  916122 1104343]
283,[5568249 5569471 1082185 1108094  990797]
284,[1082185 1029743  979707 1068719  845208]
285,[ 944534 5585510  899624 1106523  844179]
286,[1082185 5569230  966684 1055504  865456]
287,[1106523 1029743 1082185 1038985  891961]
288,[1082185 1070820 1026118 1098844 1092303]
289,[1082185 1104343  998444  909714 1048257]
290,[1029743 1082185 1013928  899624 1012587]
291,[1082185 1106523  983584 1122358  910673]
292,[1106523 1082185 1101010  913210  965766]
294,[1106523 1082185 1029743  983584  861279]
297,[ 1029743 12648296  5569327  5568378   874972]
300,[ 1106523  1082185   944534 12302069  1075368]
301,[1024306  856252 1082185 6034857 1040807]
302,[1082185  892531 1027168 5569327  998119]
303,[1098844 1040807 5585510  930666  883003]
304,[1082185 1029743 1106523 1122358 1014948]
305,[1082185 1029743 1083787 8090532 1055425]
306,[1082185 6034857 1029743 1101010  933835]
307,[ 1082185   897954  5569471 12946027  1021116]
308,[5569230  887102  862010 1082185 1043787]
311,[1106523 1082185 1029743  907099  916122]
312,[1082185  916122 1062128  844179 1087102]
314,[1082185  893018  995965 1106523 1029743]
316,[1044078 1025611 1122358 1131344 1082185]
317,[1082185 1029743 1115576  885863  983584]
318,[5569230 1082185 1106523 1044078  979707]
321,[1126899 1082185 1056509  976199  986912]
322,[1070820 1082185  854852  976199 5569471]
323,[1082185 1126899  972143  944139  979707]
324,[1082185 1098844  901062 5569374 1070820]
325,[1082185  885863  976199 5569230 1081177]
326,[8090521 8090537 1037840 1082185 1013928]
327,[1082185 1106523  907631  844179  947201]
328,[1070820  979707  885290 1022254 1048257]
329,[1029743  854852 1082185  944836 1135476]
330,[1082185  952163 1004906  916122 1067695]
331,[1082185 1029743 1075368 1106523 1098844]
332,[1029743 1082185 1070820  838186  839243]
333,[1106523 1082185 1004906  899624  986912]
334,[1082185 1106523 1029743  854852 5569374]
338,[1082185 1026118 1029743 1106523  854852]
339,[1106523 1082185 1044078  999779 1056509]
342,[1029743 1070820 1082185 1106523  976199]
343,[1082185  872137  937292  916122  930666]
345,[1106523 1029743 1068719 6602697 1137775]
346,[1029743 1082185 1101010  819978  979707]
347,[1082185 1029743 1126899 1102067  979707]
348,[1056509 1029743 1044188 1046545  845208]
349,[1029743 1082185  907099 1126899 1106523]
350,[1082185  885863  986912 1044078  883003]
351,[1082185 1106523  894439 1037840 1004906]
353,[1082185 6034857 5569374 1104343  944139]
354,[1082185 1056509  916122  849202 1041796]
356,[1029743 1106523 1082185 1075368  834117]
357,[1126899 1122358 1082185  880150  866755]
358,[1106523 5568489 5569230 1082185 5569327]
360,[1082185  952163 5568378  979707 1068719]
361,[1029743 1101010 1082185 5569471 1082212]
362,[ 1082185   986912 12731714   993638  1056509]
364,[1082185 1106523 1029743  952163  916122]
365,[1082185 1132771 1106523 1062128 1029743]
366,[ 1082185 12810422   916122  1044078   844179]
367,[1070820 6533936  934399 5569471 1082185]
369,[1082185 1126899 1029743 5568378  965766]
371,[ 916122 1029743  907631 6533936 6034857]
373,[1082185 1106523  979707 1068719  845208]
374,[1029743 1026118 1108094 1082185  878715]
375,[1082185 1029743 8090537 8090532  979707]
376,[1044078  937292  930666  896862  986912]
377,[1082185 1029743 1126899  899624 1044078]
378,[1082185  944534  948670  844179  916990]
380,[1106523 1082185  899624  854852 1004906]
381,[1082185 1075368 1029743 1081177 1051323]
382,[1082185 1029743  979707  999250 1068719]
383,[1126899 1082185  979707  944836 6034857]
384,[1098844 1126899 1075368 1029743 8293447]
385,[1082185  857503 6034857  854852 1087102]
386,[1082185 1106523 5568378 8090521 1083787]
387,[1126899 1082185 6602729 1137775  916122]
388,[1029743 1082185  913210  893018  979707]
389,[ 1082185  1126899 10344585  1122358  8090536]
390,[1082185 1029743 5569230  993638  976199]
392,[1082185 1022254  916122 1051468  963835]
393,[1013928 1106523 1082185 1029743 1044078]
394,[1029743 1082185  901062 1106523 1070820]
395,[1082185 1070820 1100972  906844 1029743]
396,[1126899 1082185 1075368  880427 1087102]
397,[1126899 1029743 1082185  916122 5568729]
398,[1082185 1029743 1122358  916122 5569845]
400,[1029743 1082185 1106523 1037840 5567702]
401,[ 986912 1022254 1082185 1127758 1004906]
402,[1082185 1106523 1029743  883003  827656]
404,[1082185  979707  834117  906838 1092588]
405,[ 916122 1101010  948670 1082185 5569845]
406,[1082185 1029743 1070820  979707 1068719]
407,[1082185 1037840  983584  979707 1068719]
409,[1070820 1082185  979707 1101010  916122]
410,[1082185 1029743  844179 1044078  948650]
411,[1082185 1050851 1106523 1029743  896862]
412,[1082185 1005274  986912  844179 1029743]
413,[1082185 1106523 1122358 1038985 5569230]
414,[1082185 1106523 1029743  940947  844179]
415,[1082185  979707 1068719  845208 6034857]
417,[1082185  976199 1029743 1055504  901062]
418,[1029743 1070820 1082185  901062  899624]
420,[1082185 1029743  916122  979707 1068719]
421,[1068719 1126899 1029743 1082185  976199]
425,[1106523 1070820 1082185 1029743  913210]
426,[1082185  854852 1022254  854754  863447]
427,[1029743 1082185 1102416 1075368  986912]
429,[1082185 1029743 1051323 1056509 1026118]
430,[1029743 1106523 5568489 5569230  983584]
432,[1029743 1082185  999250 1044078 1004906]
433,[1106523 1082185 1122358 6034857 1105301]
434,[ 919534 1082185 1068719 1044078 5568378]
435,[5569230 5569471 1082185  909714 8090537]
437,[1082185  948670  835098  839419  944534]
438,[1070820 1016800  917033 1082185  834117]
441,[ 1038985  1082185  6602729   933835 12810393]
442,[1082185 1126899  835098 9245106  979707]
443,[1082185 1081177 1070820  944534 1106523]
446,[1082185  979707 1068719  954966  845208]
447,[1029743 1082185 1041796 5569327  887102]
449,[1082185  979707 1068719  845208 6034857]
450,[1082185 1029743  986912  933835  844179]
451,[1082185 1070820 1122358 1044078  916122]
454,[5591083 1029743 6463742 5569230 1106523]
457,[1029743 1082185 1051323 1050851 1106523]
458,[ 1082185  5569230 12810391  1126899   823990]
459,[  986912  1082185   885290 12301405   979707]
460,[1082185 1081177 1106523  979707 1098844]
461,[1050851 1082185  916122 1029743  897954]
462,[1082185 1137775  979707  963971 1029743]
463,[ 1082185 12811532  1106523 12810393  1055504]
464,[1082185 5569374  899624 1029743 6534030]
466,[1082185 1025611  952163  979707  844179]
467,[1106523 1082185  899624 1029743 1044078]
468,[1106523 1122358 1029743 1082185 1034176]
469,[1082185  901062 5569230 1070820 5568729]
470,[1082185  899624  979707 1068719  947201]
471,[1082185 1106523 5569230 8090509 1022254]
474,[1082185 1068719 1029743 1106523  831628]
477,[1068719 1126899 1082185 1029743  854852]
478,[1082185  979707 1068719  845208 6034857]
479,[ 986912 1082185  910032  907631 1044078]
480,[1070820 1082185  857503  976199  854754]
482,[1082185 1029743 1044078  999779 1106523]
483,[1082185 1106523  947858 1122358 8090536]
484,[1082185 1070820 1029743 1050851  946839]
485,[1029743 1082185  972665 5569471 1083787]
487,[1082185  979707 1068719  845208 6034857]
489,[ 986912 1082185 1022254 1019247  901062]
491,[1082185 1126899 1056509 1055504 6533936]
493,[1029743  936355 1082185  839656  982790]
495,[1029743 1082185 6534480  913210  865456]
497,[1029743 1082185 1070820 8293447  976199]
502,[1082185 1029743 1106523  865456  979707]
503,[1070820 1082185 8090536  901062 5569230]
505,[ 1082185   874972 12648296   979707  1068719]
506,[1082185  979707  834117 1068719  916122]
507,[1082185 1126899  976199 1014948  845307]
508,[1082185 1025611 1101010 1083787 5569230]
510,[1082185  833724 1070820  854852  872137]
511,[1029743 1106523  999779  983584  986912]
513,[ 865026 1018740 1093413 9245106  999714]
514,[ 909714  901062 1105488  866211 1062002]
515,[1106523 1082185 1034176 1081177 1004906]
516,[1082185  835098 1068719  979707 5568489]
517,[1082185 1126899 1098844 1081177  878715]
518,[1082185 1029743  979707 1137775 1122358]
520,[1029743 1068719 1082185  913210 1106523]
521,[1106523 1082185 1026118 1126899 1029743]
523,[1082185 1044078  968072 1029743  916122]
524,[1082185 1029743 1106523  823704  979707]
525,[1082185 5568489 1138443  951197 1104343]
526,[1029743 1082185 5569230  834117  882604]
527,[ 1082185   933835 12988031  5569845   912704]
531,[1082185 1029743 1075368 5569230  865026]
533,[1082185 1106523 1029743 5569230 1044078]
534,[1082185  986912  832678  979707 1068719]
537,[1082185 1126899 1075368 1004436  907631]
538,[1070820  906838 9296919 5568378 1062128]
539,[ 856252  878715 1082185 5569230 1006184]
540,[1082185  916122 1068719 1000237  995965]
542,[1106523 1082185 1082990 1029743 1075368]
543,[1082185 8090521 8090537  944534 1070702]
544,[1082185  979707 1068719  845208 1081177]
545,[ 986912 1082185 1040807 6034857  880427]
547,[1082185 1106523 1029743 5569327 1044078]
548,[1082185  979707 6034857  854852 1104343]
550,[1029743  854852 1082185  835098 5585510]
552,[1082185  916122 1044078 1106523 1029743]
553,[1029743 1082185 1075368 5591170 1106523]
554,[1106523 1070820 1070272 1082185  824180]
556,[1082185  949965 1029743 1055504  970747]
557,[1082185 1126899 5569471 8090513 5569230]
558,[1106523 1082185  930666 1068719  933067]
560,[1029743 1082185  843464  899624  835098]
562,[1029743  965842  916122 1082185 1074333]
563,[1082185 1029743 1075368 1101010 5569230]
564,[1082185 1028995  965766  979707 1055504]
566,[1082185 1029743 1106523  986912  866355]
567,[1106523  986912 1082185 8090509  844179]
568,[1106523 1038663 1029743  999779 5585510]
569,[1082185  979707 1029743 1022254  965842]
570,[1029743 1082185 5569230 5569374  882604]
574,[1029743 1082185  983584 5568489 8090539]
575,[1106523 1070820 1082185 5569230 5569374]
576,[1082185 1051468 1051516  986912  979707]
577,[ 872137 1056509  979707  827656  999104]
578,[1082185 8273833 8090521  865705 6533608]
579,[1082185  916122  979707 1068719  845208]
580,[1056509 1082185 1041796 1004436  823775]
581,[1126899 1070820 1082185 5569471 8177622]
582,[1082185 5569230  848319  854852 1029743]
583,[1082185  979707 5569230 1122358 5587656]
586,[1029743 1004906 1082185 1068719 1126899]
587,[1082185 1106523  979707 1068719  845208]
588,[1106523  933835  885863  885290 5569327]
590,[5569230 1106523 1082185 5569845  947858]
591,[ 933067 1106523  854852 1081177 9245106]
593,[1082185 1106523 5569374  979707 1068719]
594,[1106523 1029743 1082185  896085  899624]
595,[1082185 1029743 1106523 1050851  916122]
596,[8090537 8090521 1106523 1082185 5569845]
598,[1082185 1106523 1029743 1068719  872137]
600,[1046587 1082185  983584 1029743  916122]
602,[1029743 1082185 1021116  944139 1027168]
603,[1106523 1082185 1029743 1051323  899624]
604,[1070820 1082185 5569374 1029743  914577]
605,[1126899 1082185 1106523  859427 1055425]
606,[1029743 1082185 1106523  845208  885290]
608,[1082185 1106523  885290 5569327 7442008]
609,[1082185 5569230 1106523 1038985  979707]
610,[1082185  976199  979707 1068719 5585510]
611,[1029743 1082185 6534030 8177622 5568249]
612,[1029743 5568378  913210 1082185  839656]
613,[1082185  893018  957063  979707 1068719]
614,[1029743 5568378  965766 1082185  844179]
615,[1082185  971922  883003 1098844  979707]
617,[1070820 1082185 1126899 1128016  995965]
618,[1029743 1106523 1037840 1070820 1082185]
621,[1082185 1137775  885863 1101010  837270]
622,[1082185 1106523 1097001 1067695  986912]
623,[1082185  979707 1101010 5568249 1068719]
624,[1106523 1082185  916122  844179 1044078]
630,[1082185 1070820 1106523  916122  976199]
631,[1082185  979707 1022254  965842 5569230]
632,[1082185 1029743 1070820 1122358 1019247]
633,[8090537 5568249 1082185 1106523 1075368]
636,[1029743 1106523 1082185  834117 5981074]
637,[1106523 1082185 1037840 1035676 5569327]
638,[1029743 7139529  916122  919534  951197]
640,[1082185 1106523 5585510  983584  899624]
641,[1070820 1126899  999858  916122  965842]
643,[1082185 6534035 1029743  944534 1051323]
644,[1082185 1005274  848319  834117 1110218]
647,[1029743 1082185 8090536 8090537  829852]
648,[ 854852 1026118 1082185  837270  839419]
650,[1082185  979707 1068719  845208 6034857]
652,[ 832678  830503 1082185 5569845 1075368]
653,[ 979707 1126899 1029743  854852 1037840]
654,[1082185  834117 1034176 1108094  845208]
655,[1029743 1106523  865456 1082185 1044078]
658,[1082185 1122358 1029743 1044078 6602697]
659,[1082185  925862 5569845 1044078 8090521]
660,[1126899 1082185  916122  965766  982790]
661,[5569230  986912 1082185  947858 1014948]
662,[1082185 1070272 1029743  913210 1103105]
663,[1082185 1029743 1106523  945662 5570383]
665,[1082185 1029743 1038985  979707 1025611]
666,[1082185  957063 1070845 1044078 1106523]
667,[1082185  845208 1092303 1104343  896085]
668,[1082185 5569471 1126899 6533936  871756]
669,[1082185 1126899  951412  854754 8090532]
670,[1082185 1029743  885863  971922  919534]
671,[1056509 1082185 1029743 8090521 5569327]
672,[1082185 1029743  899624  839243 8090537]
673,[1029743 1082185 1106523  916122  979707]
674,[1081177 1029743  908318 1082185  871061]
675,[1106523  910673 1082185 1121384 1022254]
676,[1106523 5569845 5569230  926905 1016800]
680,[1082185 6034857 1122358 5569374  844179]
681,[ 890695  856252  850102 1082185 1029743]
684,[1082185 1106523  907099  930666  965766]
685,[1015539 6534077 1082185  916122  952972]
687,[1029743 1106523  916122  965766 6534035]
690,[1082185  835098 1029743  976199 1037840]
691,[1070820  834117  916122 1082185 1122358]
692,[1019643 1082185 1004436 1104343 1135834]
693,[1070820 1082185 1029743 1044188  948670]
694,[1037840 1106523 1029743 1082185  844179]
695,[1082185 1029743  878996  899624  933835]
696,[1126899 1082185  979707  983584 1009187]
697,[1070820 1082185  916122 1104343 6602729]
698,[1106523 1082185 1044078 1029743  863447]
699,[1029743 1082185 5568378  899624  823775]
700,[ 944139 1106523 1029743 5568378  835300]
701,[ 866211 5569230 8065410 5569374  854852]
702,[1029743 1126899  865456 1056509 1106523]
703,[ 901776  946995 5582712 1041796  860248]
705,[1029743 1082185 1126899 1106523 8273833]
706,[1070820 1082185 1029743  976199  835098]
707,[1029743 1082185  838186 1121384  829291]
708,[1082185 1029743  845208  916122 1092303]
709,[1106523 1029743 1075368 1082185 5569230]
710,[ 1106523  1068719  1082185  5569230 12302069]
711,[1082185 1037840  907099 1068719  979707]
712,[1070820 1056509 5569374  902172 1082185]
713,[1082185 1075368 5569230 5569471  979707]
714,[1082185 1126899  944139 5569471 1029743]
715,[ 885863 1082185 1106523 1081177  916122]
716,[1082185 1126899  979707  990797 1041796]
717,[1082185 1106523  878715 7441210  940947]
718,[ 916122 1082185  845208  896085 5585510]
719,[ 933835 1106523  819978 1040807 1082185]
720,[1082185  863447  909714  979707  847573]
721,[1082185 1126899  979707 1068719 1087102]
722,[1106523 1126899  857503  845208 1082185]
723,[ 1082212  1082185  1070820 12810393   995965]
725,[5568378 1082185 5569327  899624  957063]
726,[1082185  880427 1022254 1035676  998119]
727,[ 846823 1106523  916122 1082185  885290]
728,[1029743 1106523 1082185  976199  899624]
729,[1082185  979707 1068719  845208 6034857]
730,[1126899 1082185  960732 1122358 1043494]
731,[1082185 1029743 1070820  986912 1018007]
733,[1082185 5569471 1029743 8090532  999779]
734,[1082185 1029743 1106523 1055504  979707]
735,[1082185 1106523 1072523 1041796  901062]
736,[1029743  830503 1082185 1070820  845208]
740,[ 845208  976199 1082185 6034857 1051516]
741,[ 976199 1082185 1106523  916122  945662]
742,[1082185 1106523 5569230  979707  983584]
743,[1082185 1029743 1106523 1070820 1044078]
744,[1082185 6034857 1070820 1056509 1029743]
745,[ 957063 1055504 1082185  933835 6034857]
747,[1082185 8090509 5569845 1025535 9836106]
748,[1082185 1106523  979707 8090521  845208]
749,[1082185 1029743  979707 1068719 6602729]
750,[1082185 1106523  866211  919534 1042438]
752,[1082185 1106523 1075368 1098844  979707]
753,[1029743 1082185 1126899 1075368 1070820]
754,[1126899 1082185 1055504  909714 1062002]
755,[1082185 1137775 1100972 6034857 5568378]
757,[1082185  947201 5569471 5569230  949965]
759,[1082185  906844 5568447  979707 1068719]
761,[1029743 1106523 1082185 1115576 5568378]
762,[1082185 8290421  901062  986912 5569471]
764,[ 1082185  1106523  1029743   965766 10344585]
766,[1082185  916990 1135476  901062 1098844]
767,[1070820 1082185  868548 1104349 1102067]
768,[1029743  834117 1082185  913210 1070820]
769,[1106523 1082185 5569230 1029743  999858]
770,[1082185  986912 1075368  940947  979707]
771,[6034857  979707 1081177  933067 6548453]
773,[ 1082185   938300   909714  1074754 10344585]
776,[ 1029743  1082185  1101010 12810393  1106523]
777,[1070820 6533608 1046816 1126899  863447]
779,[1082185  976199 5569230 5568489 5567702]
781,[1082185  910673  880427  854405 1046816]
784,[1082185 5569230  856252 5569471 1102416]
786,[ 972665 1082185  989069 1106523 5569230]
787,[1082185 5567702 5569845  934399  999104]
788,[1106523 1029743 1082185 1004906 1044078]
789,[1082185  979707 1068719  845208 1101010]
790,[1082185 1038985  979707 1068719  845208]
793,[1029743 1082185 5570383 1106523 5569845]
794,[1126899 1082185 1029743  857503 1051211]
795,[1029743 1082185 1043751 1028995 1044078]
796,[1082185 1055504  916122 1022254 1024306]
798,[1082185 6534030 1126899 1128016  940947]
799,[1082185 1126899  916122 1098844 1056509]
800,[9677236 1104343 1029743 9835509 1082185]
801,[1082185 1126899 1029743 9245106  916122]
802,[1082185  983584  979707 1104343 1004906]
803,[1082185 5569230  861279 1106523  965766]
804,[1029743 1082185 1013928 1101010 1004906]
805,[1029743 5568378 1081177  979707  916122]
806,[1029743 1082185 1038985 5590613 5569471]
807,[1029743 1126899 6034857 1024306  834117]
808,[1082185 1029743 1100972 1016800 5569327]
810,[1082185 1024306  896613  863447  979707]
811,[1082185 1029743  916122  834117  899624]
813,[1082185  834117  913210  845208 1051468]
814,[1082185  999104  907631  825365 6034857]
816,[1082185 1075368  916122  979707 1029743]
817,[1070820 1121384 1060408 1082185  834826]
818,[6602697 1029743 6602729 1082185  901062]
820,[1082185 8090509 1106523 1070820 1081177]
822,[1082185  940947  937292 1044078 1131344]
823,[1082185 6534035 6534480 6534077 1104343]
824,[1106523 1082185  963971 1068719  823704]
825,[1082185  976199  979707 6034857  829852]
826,[1082185 1037840  979707 1068719  845208]
829,[1082185 1132771 1137775 1018740  882604]
830,[1082185 1029743 1106523 5569230 5569845]
831,[1082185 1100972  957736  916122  856252]
836,[1082185 1126899 1037840  854852  916993]
837,[1082185 1126899  901062 6534030 1103105]
840,[1029743  916122 1082185 1138443  894447]
841,[1044078  916122 1082185 1106523  874972]
842,[1029743 1106523 5569327  916122 1103105]
844,[1082185 1026118 1135476 1051468 1051516]
845,[1082185 1126899 8090537  825994 8090509]
846,[1029743 1082185  890695 9296919  829291]
847,[1041796 1062128 1005274 1082185  946839]
848,[1038985 1044078 1041796 1070820 1082185]
850,[1106523 1082185  823990  834117 1051323]
852,[1126899 1106523 1082185 1070820  999104]
853,[1082185 1082990 6602729 1126899  951412]
854,[1082185  899624 5569327 5568378 1123842]
855,[1029743  963868  986912 1082185 1022254]
856,[ 1029743  1068719 12946027   944534  1082185]
857,[1082185 5569230 1029743 8090537 1040807]
858,[1082185 1070820 5569230  979707 1068719]
859,[5569230 1075368 5569471 1029743 1082185]
861,[1072523  823990 1106523 1082185 1062002]
862,[1082185 1029743 1037840 5568378  933835]
863,[1082185 1029743 1070820  916122  832678]
864,[1101010 1029743 8090521  916122 5568378]
865,[1106523 1082185  899624 1075368  844179]
866,[1082185 1106523  844179 1044078  983584]
867,[1082185 1075368 1106523 5569230  983584]
868,[1070820 1029743 1082185  834117  912704]
869,[1044078 1082185  880150 1127758  969568]
871,[1082185 1029743  983584  979707 8090440]
875,[1082185  979707 1126899 1068719  845208]
876,[1082185  916122 1126899 1068719 1122358]
877,[1126899 1055504 1082185 1070820  871061]
878,[1106523 1082185  846823 1131344  986912]
879,[1082185 1101010 1122358  904997 8090532]
880,[1082185  910673  979707 1068719  845208]
881,[1029743 1082185 5569327  856252  946839]
882,[1137775 1082185 1106523 1132771 1044078]
883,[8090440 1082185 1029743 1051516 8090513]
884,[1082185 1106523 5569327 1029743  986912]
885,[1082185 1106523 5569327 5568378 1004906]
886,[1082185 1070820 1029743 1126899 1106523]
887,[1082185 5585510 5569230  979707 1025611]
888,[ 916122  856252 1082185  901062  845208]
889,[1126899 1082185 1019643 5569471  880427]
891,[1106523  854405  937292  983584 1025611]
893,[1019643  872137 1106523  895295 5592610]
894,[1082185 1106523 1068719 1029743 6602697]
895,[1082185  866211  999104  918846 5568489]
897,[1082185 1101010 1029743 1070820 8090513]
898,[1082185  848319  845208 1026118 1092303]
900,[ 986912  885863  976199 1082185  979707]
903,[1082185 1126899 1070820 1005274 1029743]
904,[1082185 1106523  839656 1024306 1044078]
906,[1082185 1126899  979707  845208 1068719]
907,[ 986912 1106523 1082185  999270 1132771]
908,[1082185 1106523  971922 1029743 1104343]
909,[ 976199 1014948 1068719 1082185  948670]
911,[ 1082185  1126899  1055425 10344585   979707]
913,[ 1070820   834117 10344585  1029743   995965]
914,[1082185 1029743  986912  979707  963971]
915,[ 880150 1082185  825749  845208 5569230]
916,[1082185 1106523  916122  913210 1126899]
919,[1106523 1029743 1082185 1081177  983584]
920,[1082185 1106523 1097001 1081177  983584]
922,[1082185 1126899  916993  979707 1026118]
924,[1082185 1029743  916122 8090537 5569845]
926,[1082185 1138443 1062002  916122  944836]
927,[1082185  916122  979707  908318 1068719]
928,[1082185 1029743 1115175  846823 5569845]
929,[1070820 1082185  986912  854852 8090521]
930,[1082185  879504 1029743  883932  917033]
931,[1029743  913210 1126899 1082185 1040807]
934,[1029743 1106523  899624  916122  913210]
935,[1082185 1126899  908318  833724 1046545]
936,[1106523 1029743 1068719  899624  983584]
937,[1126899 1082185  995965 1021116 6034857]
939,[1029743 1106523 1102416 1082185  896085]
940,[1082185  839656 1050851 5568378  979707]
941,[1082185 5567702 9677236  979707 5568378]
942,[1029743 1015539 1082185  946995 1068719]
943,[1106523 1082185 1044078  899624 5569230]
944,[1029743 1101010 1082185 1070820 1132771]
946,[1082185  944534 1100972 1068719 1004906]
947,[1082185 1041796  916122  979707 8090537]
949,[1029743 1082185 8090521 5568378 8090537]
951,[1029743 1082185 5569230  940947 1042438]
952,[1029743 1082185 1005274 1075368 1122358]
953,[1029743  999104  914318 1082185 6034857]
954,[1082185  979707 1068719  845208 6034857]
955,[1082185 5568378 1041796 1050851  946839]
956,[1070820  986912 1029743 1082185  899624]
957,[1082185 1029743  845208 1106523  986912]
959,[1106523 1082185  899624 1004906  952163]
960,[1082185 1070820  979707 1126899 1022254]
961,[1070820 1082185  916122 1029743 1038985]
964,[1029743 1082185 8090537 8090521 1106523]
965,[1082185  999779 1044078  916122 1050851]
967,[1082185 5585510  979707 1068719  845208]
968,[1029743 1106523  983584  916122 1082185]
969,[1082185 1029743  979707 1068719  845208]
971,[1082185 1075368 1029743  819978 6602697]
972,[ 832678 1082185  916122  982790  951197]
973,[12731436  1082185   878996  1042438  1018007]
974,[1082185  947858  844179 1029743  916122]
975,[5569327 5569471 5568249 1082185  995965]
976,[1082185 1135476  903800 1070820 1029743]
978,[1106523 1070820 5570383  999104 1082185]
979,[1082185 1071342 6391381 1106523 1029743]
981,[1082185  979707 1029743 1068719  845208]
982,[1082185 1075368 5563693  910032  999104]
983,[1029743 1075368 1082185 1044078  965766]
984,[1082185 1106523 1022254 1029743 5569471]
985,[ 1029743  1082185   916122 12302069   899624]
986,[1082185 1029743 8090440  916122 1056509]
987,[1082185 1070820 1126899 1106523  916122]
988,[1070820 1082185 1106523 1068719  834117]
989,[1029743  899624  916122 1082185 1106523]
991,[1082185 9296919  979707 1068719  845208]
992,[1082185  979707 1068719  913210  845208]
993,[1082185 1101010 8090539 5569471  896085]
996,[1082185 1029743 1081177  845208  948670]
997,[1070820 1082185 1019247 1137346 8090521]
998,[1000753 1106523 8065410  899624 9836106]
999,[ 983584 1082185 1029743 5568378 5569230]
1000,[ 986912  854852  896085 1082185 6034857]
1001,[ 1082185  1135834 12301109   944534  5569230]
1003,[1082185 1070820 1029743 5569374  896085]
1004,[1082185 1029743 1050851  999779  834117]
1005,[12301100  1082185   937292  1044078   944534]
1007,[1082185 1029743 5569327  899624  983584]
1008,[1082185 5569230  910473  979707 1068719]
1010,[ 1082185  1058404   971922  1070820 12301100]
1011,[1029743 1126899 1082185 1070820  944836]
1012,[1082185 1070820  986912  979707 1068719]
1014,[1082185 1029743 1104343  976199 5569327]
1015,[1082185 6602697  916993  912704  896085]
1018,[1070820 1082185 1075368 8090521 1004436]
1019,[1106523 1082185 1029743  919423 1026118]
1020,[1070820  896085  965766 5568729 1029743]
1021,[1082185 1070820 1029743  979707 1062002]
1023,[ 919423 1062128 1019643 1062002 5582712]
1024,[1106523  908318 1082185 5568378  917816]
1025,[1106523 1029743 5568378 8090521 8090537]
1027,[1082185 1101010 1132771 1126899  914318]
1029,[ 1126899   885290  1022254  1048257 12731436]
1030,[1082185  986912 1070820 1135834  965842]
1034,[1126899 1082185 1081177 1125278  907099]
1038,[1082185 1106523  885290 1022254  979707]
1039,[ 972665 1082185 1029743  835098 1121393]
1040,[ 1075368  1082185  1126899  5568249 10344585]
1041,[1029743 1106523 1082185  999779 1050851]
1042,[1082185 1121384  906838  916122 1021116]
1043,[1082185  979707 1068719  845208 6034857]
1045,[1029743 1082185 1106523 5568378 5569327]
1046,[1126899 1082185 6034857  845208 1055504]
1047,[1082185 1044078  844179  944534  899624]
1050,[1106523 1082185 1046545  965842  899624]
1051,[ 921504 1137775 1029743 1082185  933835]
1053,[ 979707 1082185  916993 1062002 8090440]
1057,[  892531   916990  8090532  1082185 12171656]
1058,[1044078 1082185 5568378 5569327 1106523]
1060,[1082185 5568378 1029743  979707 1068719]
1061,[1106523  899624 1127758 1025611  910673]
1062,[1082185  957736  844179 1029743  971922]
1064,[ 909714  854405 1082185 1070820 1138443]
1066,[1082185  944534  916122  885290 1029743]
1067,[1029743 1126899 1082185 1132771  907631]
1068,[1070820 1059902 1082185 1025611  999779]
1069,[1029743 1082185  963971  904129  989069]
1070,[1082185 1029743  983584 1123842  965766]
1071,[1082185 1029743  986912 1021116 5569230]
1073,[1082185  916122  965766 5568489 1019247]
1074,[ 1029743   865456 10344585   965766   940947]
1075,[1106523 1082185 1029743  999270  844179]
1076,[1082185 1106523 1075368 1089954  916122]
1077,[ 937292 5569230  972665  871756  883932]
1078,[1082185 1106523 1126899 1098844 1026118]
1080,[1082185 1029743 1106523 1044078 1068719]
1081,[1106523 1082185  899624  845208  946995]
1082,[1082185 1106523 5590613 5587656 1131344]
1083,[1082185 1029743 1044078 1051323 1106523]
1084,[1082185  844179  934639 1068292 1106523]
1085,[1106523 1029743 5568729 1082185 8293447]
1086,[  854852  1138443  1082185 12731714   866755]
1087,[1106523 1082185 1070820 1037840 1081177]
1088,[1082185 1068719 1106523 8090537  965766]
1089,[ 999779 1029743 1138292 1082185 1038663]
1090,[1082185  944836 1081177  844179 1106523]
1091,[ 1082185  1029743  5569230  5568489 12302069]
1092,[1082185  893018 5569230 1083787 1128016]
1093,[1082185 1029743 1106523  845208 5569845]
1094,[1082185  933835 1029743 5568378 1051323]
1096,[1082185 1106523 1026118  999250 1022254]
1097,[1106523 8090440 1082185  878996 5585510]
1098,[5585510 1070820 1029743  899624 1082185]
1100,[1082185  979707  849202 1068719 1034176]
1102,[1029743 1082185  865456  854852  986912]
1103,[1126899 1082185 1029743 1051211  965842]
1104,[1082185  986912 7442008  894439 6602729]
1105,[1082185  979707 1068719  957736  845208]
1106,[1082185 1044078  916122  979707 1068719]
1108,[1082185 1029743  979707 1068719  845208]
1109,[1115576 1105917 1070820  899624 1104343]
1110,[1070820  947858  948650 1082185 1029743]
1111,[1106523 1082185  854852 1029743 1004906]
1112,[1075368 1082185 1043494 5569471  979707]
1113,[1082185 1126899  909714  845208 1029743]
1114,[1082185 1029743  844179  979707 1068719]
1115,[1082185 5569471  979707 7168026 1022254]
1117,[1106523 1029743 1082185 1081177  983584]
1119,[1082185 1029743 1035676 8177622  834117]
1120,[ 1082185   916122  1122358  1029743 12302069]
1121,[1082185 1070820 1106523 1029743 5568378]
1123,[1082185 1126899 1070820 1098844  845208]
1124,[1082185 1106523 1029743 1007512 1056509]
1127,[1082185  829291 1051516  883932  999779]
1128,[1082185 1106523 1029743  979707 1081177]
1129,[1082185 1126899 1029743 1070820 5569230]
1130,[1082185  986912 5568489  979707 1044078]
1131,[1029743 1082185 1075368  982469  993638]
1132,[1025611 1106523 1082185 1004906 1012587]
1133,[1029743 1082185 1106523 1122358 1098844]
1134,[1070820 1106523  857503  948670 5585510]
1135,[1082185 1029743  979707  893018 5592888]
1136,[1106523 1082185 5569230  907631 1029743]
1137,[  914318  1082185   885290 12301405  1000753]
1138,[1082185 1106523 1015539 1068719  893018]
1139,[1082185  885290  866211 1051468 1028891]
1141,[1029743 1082185 1044078 1103105  983584]
1142,[ 878715  908318 1067695 1082185  916122]
1145,[1106523 1082185 1022254  916122 1029743]
1146,[1029743  854852 1106523 1082185 1131344]
1147,[1106523 5585510 6034857 1016800 1082185]
1149,[1082185 1026118  857006  986912 1041796]
1151,[1122358 1082185 1106523  870547 6602697]
1152,[1082185 1029743 1050851  854852 5569327]
1154,[1106523 1082185  983584 1081177 1029743]
1155,[1082185 1106523 1029743  878996  916122]
1157,[1070820 1082185 1029743 5569471 1004906]
1158,[1106523 1082185 1044078 8090521 1042544]
1159,[1082185 8090532 1068719 1038985 1029743]
1160,[ 1106523  1082185  1068719 12302069  1044078]
1161,[1126899 1082185 1070820 1106523 8090537]
1163,[1082185 1029743 1044078  899624  916993]
1164,[1070820 1029743 1082185 1080853  901062]
1166,[1082185 1029743  899624  843464 1068719]
1167,[1082185 1070820 1082212  895295 1098844]
1168,[1082185  983584 1106523  916993 1070702]
1169,[1106523  846823 1082185  883003  913210]
1171,[1082185  979707 1068719  845208 6034857]
1172,[1122358 1029743  976199 1106523 1075368]
1174,[1106523 1082185 1068719  976199 9836106]
1175,[1098844 1082185  907099 1028891  916122]
1176,[1082185  979707 1068719  845208 6034857]
1178,[1082185  916122  845208 1004906 1022254]
1179,[1082185 1132771  857503 1056509  944534]
1180,[1029743 1038985 1106523 1082185 5590613]
1182,[1044078 1106523 1082185  899624  999779]
1183,[1082185  979707 1068719  845208  916122]
1185,[1106523  845208 1082185 1059902 1083787]
1186,[1098844 1082185  903800 1070820  854852]
1187,[ 1106523  1068719  1082185  1025611 12301100]
1188,[1082185 1106523 1103105 1044078 5981074]
1189,[1106523 1082185 5569845 5569230  910032]
1190,[1029743 1082185 5568378 1037840  979707]
1191,[1082185 5569230 1082990 1075368 5569327]
1192,[1082185  979707  845208 1068719 6034857]
1193,[1106523 1013928 1068719 1082185  834117]
1194,[1106523 1082185 1044078 1051323 1119761]
1195,[1082185 1075368 1029743  951412  871061]
1196,[ 854852 1070820  857503  878996 1082185]
1197,[1082185 8090521 8090532 1029743  865456]
1198,[1082185 8177622 6534030 1005274 1098844]
1201,[1082185 1029743 1056509 5568489 5569230]
1202,[1082185  916122 8293447  952163 1072523]
1203,[ 1106523 12302069   910673  1044078   916122]
1204,[1082185 1106523 1037840 1029743  944534]
1205,[1029743 5569845 5569230 1082185 1106523]
1206,[ 1029743  1106523  1128240  1082185 12302069]
1207,[1037840 1082185 8090509  952972 5569374]
1208,[1082185 1044078  899624  916122 1106523]
1209,[1082185  979707 5567702  986912 1068719]
1210,[1082185  979707 1070820 1068719  845208]
1211,[8065410  879504  972143 9835903 5585510]
1214,[1082185  979707 1068719  961979  845208]
1216,[1082185  946995 5569230 5569471  979707]
1217,[1075368 1029743 1056509 1082185 1004906]
1218,[1070820 1082185  901062  916122 1026118]
1219,[ 1082185  9836106   979707   844179 12301109]
1221,[1029743 1082185 6034857 1098844  916993]
1222,[1106523 1082185 5569845 6534480 5569230]
1223,[1029743 5569230 1082185 1106523  999198]
1224,[1029743 1082185 5569471 1068719 1070820]
1225,[1029743 1082185  837270 1087102 1106523]
1226,[1082185 1070820 1106523  865456 1098844]
1227,[1082185 1070702  979707  823721 1068719]
1228,[1022254 1082185 1106523  866211 1126899]
1229,[ 965842 1070820  979707  909714 1082185]
1230,[1082185 1029743 1106523 1044078  825343]
1231,[1070820 1082185 1029743 6533936  916993]
1234,[1082185  965842  844179 9245106 5568378]
1236,[1037840 5569230 1106523 8090521 8090537]
1238,[ 979707 1082185 1106523 1029743  913210]
1240,[1070820 1081177  913210  854852  834117]
1241,[1082185 1029743 1075368 1037840 1106523]
1242,[1082185 1070820  916122 1004906  854852]
1245,[1082185  834117  913210  951412 1044078]
1246,[1126899 1082185 1029743 1108094  860248]
1247,[1126899 1029743  921504 1040807  933835]
1248,[1106523  971922 1082185  863885  866755]
1249,[1082185  916122 1106523  823990  979707]
1252,[1082185  916122  979707 1068719 5569471]
1255,[1082185 1106523  856252  947858  979707]
1256,[ 979707  854852 1022254  986912 1082185]
1257,[1082185 1082990 1126899  979707 1026118]
1258,[ 1082185 12946027  5569471   883932   976199]
1259,[ 916993 1082185  986912 1101010 6533608]
1260,[ 833724 1082185 1051516 1022254  909714]
1261,[1070820 1082185 1106523 1055504  983584]
1262,[1082185 1029743 1106523 1100972  916122]
1263,[1082185 1029743 5569327 1016800  979707]
1264,[1082185 1106523 1070820 1029743 1126899]
1265,[1082185  879504 1042544 5568378  825365]
1266,[1082185  899624  965766  863447 1119761]
1267,[ 1082185   916122 12171656  1098844  1092303]
1269,[1082185 1070820 1029743 1106523 1044078]
1270,[1082185 1106523  899624 1085983 1026118]
1271,[1029743 6034857  903800  835098 1098844]
1272,[1082185  854852 6034857  856252  865456]
1274,[8090521 8090537 1070820 8090536  879504]
1277,[1106523 1082185  866211 8090521  986912]
1278,[1106523 1082185 1029743  916122  944534]
1279,[1106523  845208  965766 1082185  885290]
1280,[1082185  979707 1068719  845208 6034857]
1281,[1131344 1082185 1128016 1004906  910032]
1282,[ 845208 1068719 5585510 1025611  910673]
1283,[1082185 1044078 1042438  979707  844179]
1284,[ 893018  999779  899624 1004906 1082185]
1285,[1106523 5569230 1035676 1009187  916122]
1287,[1042438  965766  872137 1082185  880150]
1288,[1082185 1081177 1106523 5568378  897954]
1289,[ 1106523  1029743  5569230  1082185 10344585]
1290,[1082185  979707 1068719  835098  845208]
1291,[1082185  837270  976199 1081177 1106523]
1293,[ 1044078  1004906 12302069   999858   944534]
1294,[1126899  991223 1081177  866211  913210]
1295,[1029743 1082185  893018  916122  846823]
1296,[1082185  832678  880150  908318  982790]
1297,[1082185  848319 1026118  854852 1029743]
1298,[1082185 1004906 1029743  899624 1046545]
1299,[1029743 1106523 1082185 8090537 8090521]
1300,[1082185 1104343 1055504 1128240 1106523]
1303,[1029743 1082185 1081177  976199  857006]
1304,[1029743 1082185 1106523  871611  860248]
1305,[1106523 1037840  944139 1021116  983584]
1306,[ 1082185  1068719 12301839   883003  1138443]
1307,[1082185  854852 5569230  837270  986912]
1310,[1082185  837270 1081177 1082990  979707]
1312,[1082185 1029743 1112238 5569230 1126899]
1313,[1082185 1029743  910032  899624  938300]
1314,[1029743 1102416  976199 1082185 5582712]
1316,[1029743 5568378 1082185 1070820  982790]
1317,[1029743 5568489 1082185 5568378 5569230]
1318,[1082185  925862  951412  854852 1022097]
1319,[1082185  916122 1029743  844179  831628]
1321,[1106523 1082185  880150  893018  885863]
1325,[1098844  837270 6602697 1082185  951412]
1326,[1029743 5568378 1081177 1082185 1103105]
1328,[1029743 1132771 1082185 1083787  883003]
1329,[1082185  986912  947858  907099 1044078]
1330,[1106523 1082185  856252 5568489 5569230]
1331,[1029743 1082185 1044078  845208 1056509]
1332,[1062128 1082185  996028  866211  986912]
1333,[1126899 1082185 1022097  990797 1035676]
1334,[1082185  952163 1044078  907631  979707]
1335,[1082185 1127758  979707 1068719  952163]
1336,[1082185 1132771  979707  916122 8291322]
1337,[1029743 1070820 1082185  916993  976199]
1338,[1106523  989069 1082185  899624 1070702]
1340,[1082185  916122  948650  999858  979707]
1342,[1082185  979707 1068719  845208 6034857]
1343,[1082185 1029743  979707 1068719 5569845]
1344,[1029743 1082185  998444  945662 1068719]
1346,[1082185  859427 1082212  979707 1081177]
1347,[1082185 1037840 1029743  849202  860248]
1350,[1106523 1029743  899624  910673  965766]
1351,[1082185 1029743 1106523 1044078  819978]
1352,[ 1082185   976199  1004906 10149640   951412]
1353,[ 1106523  1082185 12302069  1050851  5569230]
1354,[1082185 1100972 9527159  944534  916122]
1355,[1082185 1022254  979707 1068719  845208]
1356,[1070820 5569230 1082185 1050851  946839]
1357,[5569471 5569230 1082185 8090521  979707]
1358,[1029743 5569230 8090509 5568489  825365]
1359,[1082185  916122 1106523 1070820  986912]
1360,[1082185  979707 1068719  845208 6034857]
1361,[1082185  972665  957736  979707 1068719]
1362,[7168026 1082185  878996 1105488  979707]
1363,[ 979707 1082185 1029743  933835 1082212]
1364,[1082185 1070820 1029743  854852  979707]
1366,[1101010 1087102  901062 1082185 1055504]
1367,[1070820 1126899 1082185  933835 5568489]
1368,[1070820  944137 5569471 5568447  862799]
1369,[1126899 1082185  916122  823775 1055504]
1370,[8090539  965766 8090521 5563693 1106523]
1373,[1082185 5569845 5569230  979707 5585510]
1374,[1106523 1082185 1004906  944534 1037840]
1375,[1082185 1106523  844179 1062128 1104343]
1376,[1029743 1082185 1034176 8090537  990797]
1378,[1082185  909268  859427 5585510 1044759]
1379,[1029743 1013928  944137 5585510  916122]
1380,[1082185 1029743 5569374 1106523  979707]
1381,[1082185 1106523  979707 1092303 1068719]
1382,[1082185 1029743  834117 8090532  976199]
1383,[1082185  878715 1034176 8293447 6034857]
1384,[ 999270 1082185 1004906 1029743  880150]
1385,[1106523 1029743 1042544 1122358 1131344]
1387,[ 944534 1082185 1022254  844179  878996]
1388,[1082185 5570383  948086  990797  887503]
1389,[1082185  871756  979707 1081177  845208]
1390,[1029743 5569230  999858  831628 1082185]
1391,[1082185 1106523  872137 6034857  916990]
1393,[1051516 1126899 1082185  901062 6034857]
1394,[1082185 6034857 1106523 1070820  976199]
1395,[1126899  880427 1082185  906844 6533608]
1397,[1106523  880150  944534 1085983 1100972]
1398,[1082185  986912  999779  979707 1068719]
1399,[1082185 6034857 1005274 1029743 1062128]
1401,[1082185 1044078  878996  916122 1027168]
1402,[1082185 1106523  937292  880427  934639]
1403,[1082185 1070820 1075368  899624 1037840]
1405,[5569471 1029743 1082185  893018 1106523]
1406,[1029743 1082185 1106523 1138443 5569845]
1408,[1029743 1082185 1106523 1115175  979707]
1409,[ 8090513 12302069   863447 12810393  5569230]
1410,[1029743 1082185 1106523 1037840  847573]
1412,[ 885290  965766 1082185 1029743 5570383]
1413,[1082185  979707 1068719 1051323  845208]
1414,[1082185 1126899  979707 1068719  845208]
1417,[1082185 1106523  916122  913210  834117]
1418,[1082185  848319 1070820  976199 5569845]
1419,[5568378 1106523 5585701 5591170 1082185]
1421,[1029743 1082185 8090521 5569230  844179]
1423,[1082185 1056509  979707 1022254 1068719]
1425,[1101010 1082185 8090537 1029743  940947]
1426,[1029743 1082990 1082185 1106523  983584]
1427,[1082185 1029743 1044078  979707 1068719]
1428,[1029743 1037840 1082185 1106523 8090536]
1429,[1082185  948670  979707 1068719  845208]
1430,[1040807  885290 5569374 1029743 1126899]
1431,[1082185 1029743 5569230 1044078  998119]
1434,[1075368 1037840 1106523 1082185 5569230]
1437,[1029743 1082185  893018 1044078  844179]
1440,[1106523 1029743  916122 1101010 1043751]
1443,[ 1082185   906844 10344585   979707  5569471]
1445,[1029743 1070820 6034857 1082185  854852]
1447,[1082185 9836106  913210  979707 1068719]
1450,[ 1082185 12302069   979707  5569230   845208]
1451,[1082185 1070820 1029743  999779  981086]
1452,[1029743 1106523 1013928 1082185  986912]
1453,[1046756 9242918 1112238 1029743 1092588]
1454,[1082185 1029743 1108094 6034857  979707]
1457,[ 910673 1106523 1044078 1022254 1082185]
1458,[ 976199  845208 1075368 1082185 1004906]
1459,[12262830  1082185   854852   844179  5569230]
1461,[1082185 1029743 1070820  940947  844179]
1462,[ 916122 1082185  885290  890695 1070702]
1463,[ 986912 1082185 1106523  916122  933835]
1464,[1029743 1082185 5569471 5568378  916122]
1465,[1082185  916122 1075368 1022254 6391381]
1466,[1082185  854852 1126899 1043751 1070845]
1467,[  986912  1082185  1042438  5569327 12648296]
1470,[1070820 1029743 1082185 5590613  998119]
1471,[1082185  979707 1068719  845208 6034857]
1473,[1126899 5568729  949294 1098844 1082185]
1474,[1037840 1082185 5568378 1106523  883932]
1475,[1056509  865456  916122  963971 1070820]
1476,[ 907099 1082185 1046816 1115576  999104]
1479,[1029743 5568378 1103105 1106523  986912]
1480,[1082185  979707 1068719  845208  844179]
1481,[1082185  910673 8090537  971922  885290]
1483,[ 971922 1029743 1082185 5569230 1070820]
1484,[1082185  845208 1004906  919534 1098844]
1485,[1082185 1106523 1029743 1043787  878715]
1487,[5569230  940947 1075368  832678 1082185]
1488,[1082185 1126899 1029743 5568378 5569327]
1489,[1029743 1004436  849202 5569230  910473]
1490,[ 863447  823990 1042438  916122  944139]
1491,[1106523 1082185 1029743  901062  965766]
1492,[ 1082185  1044078 12301109  1029743  7168026]
1493,[1082185 1106523 1051323 8090521 5569845]
1494,[1082185 1068719 1004906 1029743  836445]
1495,[1082185 1081177  986912 1068719 1050851]
1499,[1082185  844179  908318  979707  933835]
1500,[1082185 1044078 1122358  979707 1068719]
1501,[1070820 1082185  872137 1098844 1092303]
1502,[1082185 1070820 1137775 5569327  916993]
1506,[ 1004906  1044078  1082185 12301100 12302069]
1507,[1106523 1122358 1068719  936355 1082185]
1508,[1126899 1082185 5569845 5569230 6034857]
1509,[1029743 1082185  926905 1016800  903800]
1510,[ 986912 5569230  901062 1082185  872137]
1511,[ 916122 1106523 1029743 1082185 1070820]
1512,[1082185 1029743 5569374 1106523  979707]
1513,[ 1082185  1029743   940947  1044078 12262830]
1514,[1126899 1121393 1006184 1082185 1027168]
1515,[1029743 1082185  916122  834117 8090532]
1517,[1070820 1044078 1137775  844179 1132771]
1518,[ 1082185  1106523  1029743   874972 12302069]
1519,[1070820  854754  857503 6034857 5569230]
1520,[1029743 1082185  916122  896862 1056509]
1521,[1082185  944534  883932  916122  940947]
1523,[1082185 1029743 1126899 6034857 1044078]
1524,[1082185 1126899 5569374  979707  944836]
1525,[1029743 1068719 1082185  845208  871756]
1526,[  986912  1082185   865026 12302069  1044078]
1527,[1029743 1082185  872137  866211  829852]
1528,[1029743 1082185 1075368  983584  894439]
1529,[1082185 1106523 1126899 1029743  979707]
1530,[ 938300 1082185 1029743 1081177  907099]
1531,[1082185 1126899 1075368 5568378  916122]
1532,[1082185 6534030 5569471  879504 1101010]
1533,[1082185 1070820  986912  979707 1068719]
1534,[1082185 1070820  999198 5568378 6034857]
1535,[ 1106523   844179  5568378  5569327 12810393]
1536,[1029743 1082185 1126899  919534 6534035]
1537,[1082185 1029743 1126899 1106523 5569230]
1539,[1082185  979707 1068719  845208 6034857]
1540,[1082185 5568378 1106523  838186 5569327]
1541,[1029743  901062 1098248 1082185  901666]
1542,[1029743 1082185 1106523  916122 1004906]
1543,[1082185 1029743 5569230  899624 5568378]
1545,[1106523 1082185 8090521  845208  990797]
1546,[1029743  907631 1068719 1082185  965766]
1547,[1082185 5569471 6534077  979707 5569230]
1548,[1029743  965842  838186  835098  856252]
1549,[ 986912 1082185 1029743 1106523 1122358]
1550,[1082185 1106523 1044078  899624 1014948]
1552,[1029743 1082185  944836 1004906  918846]
1553,[1082185  899624  979707 1068719  845208]
1555,[ 986912 1029743 1082185 1106523  823704]
1556,[1082185 1068719 1044078 1041796  844179]
1557,[1082185 1106523  916122  901776  979707]
1558,[1082185  944137 1075368  916122 5563693]
1559,[ 933835  916122 1026118  946995 1082185]
1560,[1029743 1082185  916122  823704 1022254]
1563,[1070820 1029743 1126899 1082185  979707]
1564,[ 1082185   948650 12262978   979707  1068719]
1566,[ 976199  979707 8293447  854852  963835]
1567,[1082185 1026118 1051516 1106523  835300]
1568,[1106523 1082185 1050851 1104343  848319]
1569,[1029743 1106523 1082185  880427 1008547]
1570,[1082185 1029743  908318  949965  946995]
1571,[1082185 1070820  976199  979707  913210]
1572,[ 1082185  1126899  1005274   899624 12301073]
1575,[1022254  901062 1070820 1082185  878996]
1576,[1082185 1029743  979707 1068719 5569845]
1577,[1029743 6533608 1082185 8177622  823721]
1578,[1082185 1029743  916122 8090537  839243]
1579,[ 856252  948670 1041796 1029743  865705]
1580,[1082185 1029743  916122  946839  934639]
1581,[1029743 5569471 1082185  916122 5574377]
1584,[1029743 1106523  865705  899624 1082185]
1585,[1082185  854852 5568729  995478 5569471]
1587,[1082185 1029743  899624  965842 1070497]
1588,[1082185 6602697  979707  976199 6034857]
1590,[1055425  944836  999104 6533608 6391381]
1591,[1070820 1082185  896085 1029743  916993]
1592,[1082185  916122  835098 5569230 5569471]
1593,[1029743 1082185  979707  854405 1044078]
1594,[1106523 1082185 1068719  986912 1101010]
1595,[1082185  971922  933835 1137775 1132771]
1596,[ 832678 1082185  901776 1046816 1058404]
1598,[1068719 1029743 5569230  916122  844179]
1599,[1127758 1022254  904997  999779  944534]
1600,[1082185  832678  999779  979707  937292]
1602,[1070820 1029743 1082185 1126899 1098844]
1604,[ 832678 1082185 1051211  944486 1105301]
1607,[5569845 5569471 6534030 8090513 5569230]
1608,[1106523 1026118 1082185 1068719 1029743]
1609,[1082185  979707 1070820  865705  823775]
1611,[1082185 1029743 1026118  979707 1035676]
1612,[1029743 1126899  854852 1070820  866211]
1614,[1082185 1055504  979707 1022254 1068719]
1618,[1082185 1070820  971922 1006184  972665]
1619,[1075368  916122  834117 6034857 5563693]
1620,[1106523 5569230 9245106 5569845 5587656]
1621,[1106523  885863  933835 1042544 1099089]
1622,[1029743 1082185 1062002 1022254 5569374]
1623,[1106523 7442008 1082185  883932 1044078]
1624,[1082185  986912 5569230 1026118 5569845]
1627,[1029743 1070820 1082185  845208  880427]
1628,[1082185 1106523 1085983  979707 1068719]
1630,[ 865026 1135834 1106523  948670 1098284]
1631,[1029743 9296919  844179 5569327 1044078]
1632,[1070820 1082185 1070845 6034857 1062002]
1633,[1029743 1101010  957736  933835 1028891]
1634,[1082185 1029743 1070820 5569327 1044078]
1636,[1082185  979707 1068719  845208 6034857]
1637,[1082185 1126899  979707 1014948  971922]
1638,[1082185 1126899 1004906 1121384 5567702]
1640,[1082185  957063 1106523 1101010  841220]
1641,[1126899 1082185  854852  979707  944137]
1642,[1070820 1106523 1082185  845208 1029743]
1643,[1082185 1029743  896085 1106523 5569327]
1644,[1082185 1029743 7166861  979707 1068719]
1645,[1082185 1108094  976199  979707 1068719]
1646,[1082185 1126899 1029743 8090537  979707]
1647,[1082185  979707 1068719  845208 6034857]
1648,[1082185 1106523  944534 5568378  979707]
1649,[1082185  854852 6391381  866211 6034857]
1650,[1082185  854852  866211 1081177 6034857]
1651,[1082185 6034857 1104343  995478  845208]
1652,[1029743 1034176 1082185 1021324  910473]
1653,[ 933835 1029743  865456 5568489  971922]
1654,[1082185 1106523 5569230  887102 5569471]
1657,[1082185  957063 1106523 1101010  979707]
1658,[1082185 1006184 1029743  916122  885290]
1659,[1106523 1029743 6034857  854852 1082185]
1660,[1082185 1029743 1106523  979707 1068719]
1662,[1082185  916122 1098844  999104 1070820]
1663,[1082185 5568249 1070820 1029743  979707]
1664,[1070820 1044078 1082185  870547 1041796]
1665,[1082185 1019247 5568378  986912  829291]
1666,[ 1082185   916122   983584 12302069   893018]
1668,[1106523 1082185  848319  946839 1068719]
1669,[1082185 1126899 8290421  979707  857503]
1672,[1106523 1029743 1082185 5568489 5569845]
1673,[1082185 1029743 1106523 1075368  899624]
1676,[1082185  845208  907099  880427 1098844]
1677,[ 885290 1029743 6534480 5568489 5569845]
1680,[1082185 5569471  916122 1104343 1053754]
1683,[5569471 1082185 1070820  979707 5570383]
1684,[1106523 1082185  899624  845208 1037840]
1685,[1029743 1082185 1106523 1005274 5569230]
1686,[1082185  825365 1106523  986912 1029743]
1687,[1126899 1082185 1055504  916122 1104343]
1688,[1082185 1029743 5569230 1106523  952163]
1689,[1082185 1029743 1133254 1034176 1098284]
1690,[1082185  863447  907631  979707  832678]
1692,[1082185 1106523 1029743  883003  979707]
1693,[1126899 1082185 1106523  916122 5590613]
1694,[ 845208  990797 1103105  835098  983584]
1695,[1082185 1029743  979707 1068719 1038985]
1696,[1082185 1070820 1029743 1126899  995965]
1697,[1029743 1082185 1044078 5568489 1050851]
1698,[1082185  866211  878996  930118 5585510]
1699,[ 993638 1082185  901062 1106523 5569845]
1700,[  844179 12810393  1106523  1082185  5568378]
1701,[1082185 1029743  830503  995965 5569230]
1703,[1106523  986912 1082185 1044078 5590613]
1704,[1082185  979707 1068719  845208 6034857]
1705,[ 1082185 12301100  1044078   916122   972143]
1706,[1082185  860248  979707 1068719  845208]
1707,[1029743 1082185 9677236 5569230 1050851]
1708,[1029743 1082185 5568249 5569374 8090532]
1709,[1082185 1029743 1106523 5569471 7166861]
1710,[1082185 1106523 1029743 1126899 1070820]
1712,[1082185 1068719 1137775  979707 1126899]
1713,[1082185  986912  823775 5563693  913210]
1715,[1082185 1050851  976199 6602729 1098844]
1716,[1082185 1029743  979707 1068719  845208]
1717,[1029743 1082185  848319 1068719  899624]
1718,[1082185 1070820 1106523  834117  854852]
1719,[1103105 1106523 5569327 1029743  865456]
1720,[1070820 1082185  933835  885290 1029743]
1721,[1082185 1106523  979707 1068719  999270]
1722,[1126899 8293447 1106523 1051516 1082185]
1723,[1098844 1106523 1040807 1082185 1022254]
1724,[1104343 1126899 1082185 1106523  854852]
1726,[1029743 1126899 1082185 6034857  865456]
1728,[9296919  823775 1126899  926905 1029743]
1729,[1082185 1106523 1029743 1104343  976199]
1730,[1082185 5569845 5569230 5569471 1092588]
1731,[ 1126899  1106523  1082185   983584 12302069]
1732,[1029743 1106523 1082185  976199  907631]
1733,[ 986912  894439  847573 1025611 1082185]
1734,[1082185 1026118 5569230  979707 1068719]
1735,[ 1082990 12810391  1075368  1082185  5591170]
1737,[1082185  901062  979707 1068719  845208]
1738,[1082185 5569471 1040807 1044078  819978]
1739,[1082185 1106523 5568378  979707 1068719]
1740,[ 1075368  1074333  1112238 12946027  1056509]
1742,[ 1082185   986912 12811532   846823  1044078]
1743,[1082185 1106523 1029743  899624  979707]
1745,[1082185 1106523 1051323  983584 1081177]
1747,[1082185  963971  999779 1106523  986912]
1748,[1106523 1082185 1126899 5590613  916122]
1749,[1029743 1082185  934399  878715 1135834]
1750,[1082185  938300  909714 1029743  916122]
1751,[1070820 1082185 1029743 1082990  825365]
1752,[5569327 1044078 5568378  907631  829291]
1753,[1082185 1106523  986912 5568489  901062]
1754,[1029743 1068292  835300 1082185 1044078]
1755,[ 1082185 12171656  1029743  5585510   979707]
1756,[1082185 1126899 1075368  844179 5569471]
1758,[1126899 1132771 1029743 5568378 1082185]
1759,[1082185 1126899 5590613 5587656 1040807]
1760,[1029743  983584 1082185 1038985  906838]
1761,[ 1082185  1044078  1106523 12301405   965842]
1762,[1082185 1029743  983584 1126899  976199]
1763,[1106523 1037840 1075368 1082185  979707]
1764,[1075368 1126899 1024306 1082185 5569374]
1765,[1082185 1070820 1029743  899624  916122]
1766,[1082185  952163  979707  883003 1068719]
1767,[ 1106523  1029743 12946027  1025611  1044078]
1768,[ 1082185 12946027   899624  1022254   999858]
1769,[1029743 1022254  846823 1127758  872137]
1770,[1029743  979707 1082185  854852 1082990]
1773,[1082185  916122 5569471 1070820 6034857]
1774,[ 1106523  1029743  1087102 12731714   883003]
1775,[1082185 1126899 1121384  868548  940947]
1776,[1082185 1029743 1070820  979707  986912]
1778,[12810393  1128240  1029743  1082185   914318]
1779,[1082185 1070820  979707 6034857  963971]
1780,[1106523 1082185 5568378 1044078 1122358]
1781,[1082185 1029743 1106523  899624 1004906]
1783,[1029743 5569471  916122 1082185 5567702]
1784,[1126899 1019247 1082185 1038985  979707]
1785,[1126899 1082185 1055504  909714 1070820]
1787,[1029743 1082185 1106523 5569327 1044078]
1788,[ 909714  979707 1051516 1062002 1082185]
1789,[1082185 1004436  957063  979707 9836106]
1790,[1082185  913210  819978  916122  945662]
1791,[1082185 5569230  910673  916122 5569471]
1792,[1075368 1106523 1082185 5569230  839656]
1793,[1082185 1029743 5568378 1044078  844179]
1794,[1106523 1082185 1029743 1102416 5582712]
1795,[1070820  986912 1050851  914318 1082185]
1796,[1029743 1106523 1037840 1082185  965766]
1797,[1082185  854852 1022254 9245106 6034857]
1798,[1029743 1106523 1082185  916122 1128240]
1800,[1082185 1126899 1022254  979707  976199]
1801,[1082185 5569230  839656  999198 1013928]
1802,[ 885290 1082185  854852  980823  861279]
1803,[1138292 1082185 1029743 1022254 1106523]
1804,[1082185 1029743 5569374  852856  999104]
1805,[1082185 1075368  979707  931255 1068719]
1806,[1029743 1126899  979707 1082185  865456]
1807,[1126899 5585510 1098248 1029743  916122]
1808,[ 1037840  1082185  1029743 12171656   908318]
1809,[1082185  916122 1029743 5568378 5569230]
1810,[1029743 1082185 1098284  906844  963971]
1811,[1106523 1082185 1135258  844179  896613]
1812,[1082185  829291  979707 1042438  854852]
1814,[1082185 1014948  979707 1029743  825365]
1815,[1082185 6034857 5569845  899624 5569230]
1816,[1070820 1082185 1029743 8090521 8090532]
1817,[ 925862  872137 1082185 1005274  866211]
1818,[1082185 1106523 1044078 5568378 1081177]
1821,[1106523 5568378  983584 1038985  979707]
1822,[1082185 1029743 1106523  979707  845208]
1823,[1070820 1082185  916122 1098844 1022254]
1824,[1106523 1082185 5569230  845208 5569471]
1826,[1029743 1106523 1082185  944534  834117]
1829,[1082185 1029743 1022254 1098844 6034857]
1831,[1082185 1098248 1081177 1104343  976199]
1832,[1082185 1131344  874972 8065410  847573]
1833,[1082185 1106523 1126899 1070820  916122]
1835,[1024306 1092303  823721  998444  945662]
1836,[1082185 1126899 1055504 6034857  916122]
1837,[ 965842  979707 1082185  909714 1029743]
1838,[1082185 1106523 5569471  986912  979707]
1839,[1106523 1029743 1082185 1004906  952163]
1841,[1004906 1082185  999858 1022254 1029743]
1843,[1070820 1082185 1038985 5569845 5569230]
1844,[1082185  979707  916122  908318  965842]
1845,[1126899  823775  976199 1127831 1082185]
1846,[1082185 1029743 5569471 5569845  979707]
1847,[1082185 1070820 1029743 5569845 5569230]
1848,[1135834  908318 1082185  854852  894439]
1849,[1029743 1082185 6534077 1070820 1044078]
1850,[1082185  979707 6034857 1022254  916122]
1853,[1082185 1075368 1004436 1021116  979707]
1854,[1062002 1082185 1098844 1055504 1127831]
1856,[ 986912 1070820 1082185 1029743 1126899]
1857,[1082185 1029743  979707 1068719  845208]
1858,[1082185 1126899  837270  916122  999104]
1861,[1029743 1082185 5568378 6602697 1068719]
1862,[1082185  916122 5569230 5569471 8090509]
1864,[1098844 1104343  965842 1024306  909714]
1865,[1082185  833724 1070820 1055425 1092303]
1867,[5569230 5569471 5569845 1082185  849202]
1868,[1082185  846823  979707 1068719  845208]
1869,[1126899 1082185 1070820  916122  940947]
1871,[ 854852 1082185 1055425 5585510  979707]
1872,[1082185 1126899 5569471 1081177 1055504]
1873,[1101010 1106523 1029743 1082185 1016800]
1876,[1082185  979707 1068719  845208 6034857]
1877,[1082185 1029743 5570383 8090521  979707]
1879,[ 933835 1132771 1082185 1040807 1101010]
1880,[1082185 1081177 1037840 1075368 5568378]
1881,[1082185 5569327  834117 1070845  913210]
1882,[1082185 1029743 1070820  979707 1068719]
1883,[1082185 5569230 1044078 8090521 1106523]
1884,[1082185 1029743 1093413  845307  856252]
1885,[1082185  979707 1068719  845208 6034857]
1886,[1082185 1106523  882604 1065538  979707]
1887,[1126899 1082185 1070820 1081177 1004906]
1889,[1082185 1029743 1037840  944836 6391381]
1890,[1126899 1082185  916122 1000237 1092303]
1891,[1082185  944836  979707 6602697 1068719]
1892,[1106523 1082185  899624 1021116 1044078]
1895,[1082185 5569471 1106523  963971 6034857]
1896,[1082185 1029743 1037840 1075368 1060408]
1898,[1082185  979707 1068719  845208  839243]
1899,[1040807  863885 1029743 1070820  957063]
1900,[6391381  971922 1070820 1087102  883003]
1901,[1082185 1044078  854852 1081177  899624]
1903,[1106523 1082185 5569845 1035676 1101010]
1904,[1082185 1126899 1135476 1044078  979707]
1906,[ 845208  979707  916122 1034176  883003]
1907,[ 848319  976199 1075368 1104343 1029743]
1909,[1082185 5569230  979707  998206  916122]
1911,[1082185 1070820 5568378 5567702  979707]
1912,[ 1029743  1106523  1082185 12302069  5585510]
1914,[ 894439 1043787  862010  892573 1082185]
1916,[1106523 1082185  885290 1050851  916122]
1917,[1106523 1082185  896085 1029743  883932]
1918,[1082185 1029743 1126899  906838 1014948]
1919,[1082185 1106523 1026118 1035676 5569845]
1920,[1082185 1019643  833724 1070820 1062002]
1922,[1126899 1070820 1132771 1082185 5569471]
1923,[1082185  916122  901062  833724  965842]
1924,[1029743 1106523 1082185  983584 5568378]
1925,[1024306 1082185 1029743  901062  837270]
1926,[ 1082185  1068719 12262830   979707   976199]
1927,[1106523 1029743 5981074 5587656 1025611]
1928,[1082185 1070820  983584  979707 5569230]
1929,[ 910473  965766 1128016 1075368 1074754]
1930,[1051323 1082185 5568729 1016800  926905]
1931,[1106523 1082185 1038985  843464  944534]
1932,[1029743 1082185  979707 1068719  845208]
1935,[1126899  999104 1082185 1048257  908318]
1936,[1029743  971922  844179 1042942 1082185]
1937,[1070820 1082185  999104  986912  833724]
1939,[ 926905 1082185 1075368 1029743  896085]
1940,[ 1026118  1082185 12946027  6034857  1004906]
1941,[1106523 1082185  986912 1050851 1037840]
1942,[5569230  839656 1082185 1051323 5569471]
1943,[1029743  983584 1122358 1106523 1082185]
1944,[1070820 1029743 1106523 1082185  880427]
1945,[1082185 1070820 1029743  839419  832678]
1946,[ 1070820  1082185 10344585   985999  1029743]
1947,[1126899  919423 1040807  933835  901776]
1948,[1082185  916993 1126899  976199  979707]
1949,[1082185 1044078 1106523  979707  896613]
1950,[1106523 1082185 1029743  921504  846823]
1951,[1082185 1081177  979707 1068719 8273833]
1952,[1029743 1082185  834117  999779  979707]
1953,[1082185  993638 1004906 6034857  979707]
1954,[1082185  934639 1068292 1019247  871611]
1955,[ 1082185  1106523  1004906   916122 10149640]
1956,[1126899 1070820 1082185 5569845 5569374]
1957,[1029743 8177622  944139 9296919 5568378]
1958,[1082185  857503 1040807 8090509 5569845]
1959,[1082185 1029743 1132771  856252  890695]
1960,[1082185 9245106 1044078  944534 5569845]
1961,[1106523  982790 1126899 1082185  893018]
1962,[1082185 1056509  913210  976199 1068719]
1963,[1082185 5569471  865456  916122  878715]
1964,[1082185  916122  986912  979707 1002771]
1965,[1082185 1106523 5569230 1126899  983584]
1966,[1070820 1019643  944836 1098248 1104343]
1967,[1082185 1106523 1029743 1070820  990797]
1968,[1106523 1082185 1029743 1122358 1082212]
1969,[1029743 1082185 1044078 5569845 8090509]
1970,[1082185 1044078 1029743 1013928 1106523]
1971,[1082185 1126899 1070820 1029743  979707]
1975,[5574377  883003  909714 5570383 1082185]
1976,[1082990 1082185 1106523 1075368  940947]
1978,[1082185 1029743 1126899 1062002 5569471]
1979,[1029743 1082185 1106523 5569230  892531]
1981,[1126899 1122358 1038985  893018 1070820]
1982,[1082185 1126899 1121384 1070820  901062]
1983,[1082185 1029743  866211  885290  918846]
1985,[1106523 1082185 1004906 5569230 1098844]
1987,[1082185  979707 1068719  845208 6034857]
1988,[1106523  995896 1082185 1051323 6034857]
1989,[1082185  916122  835098  880150 1101706]
1990,[1029743 1126899 1082185 5569471 1081177]
1991,[1082185  893018  832678  825365  979707]
1992,[1082185  916122 8090513  979707 1068719]
1993,[1082185  986912 1044078  933067 1018740]
1994,[1082185 1070820 1126899 1029743  944139]
1995,[1029743 1106523 9677236  976199  999104]
1996,[1126899 1029743 1070820 1082185  880427]
1997,[ 1082185 10344585  1126899  1051468   908318]
1998,[1082185 1106523 5569230  965766 5568378]
1999,[1082185 1029743  986912 1044078 1004906]
2000,[1082185  916122 8090509  844179 1050851]
2001,[1126899  986912 1138443  883003  878996]
2003,[10344585  1082185  5569471  5568378   995965]
2004,[ 999104  934399 1055425  819978 1040807]
2005,[1082185  986912 1068719  827656  999198]
2006,[1082185 5569471 9677236 1070820 1106523]
2007,[1106523 1082185 9677236 1092303  902172]
2008,[1106523 1126899 1082185 1102067  885290]
2010,[1082185  880150 1044078 6534480  979707]
2011,[1082185  909268 1006184 1076056  979707]
2012,[1106523 1082185 1029743 5569230 5568378]
2014,[1082185 1106523  916122  844179  856252]
2015,[1029743 1082185  865528 1108094  860248]
2016,[1082185 1106523 1026118 1038663 1025611]
2017,[1070820 1126899 1098248  983584 1082185]
2018,[1082185 1081177 1106523  837270 1122358]
2019,[1029743  899624 1081177  909714 1019247]
2020,[1082185 1029743  986912 1106523 6602697]
2021,[ 896862 1082185 1004906  883932  999270]
2022,[1082185 1029743 1098844  854852 1070820]
2023,[ 5569374  1082185  5568489  8090509 10344585]
2025,[1082185 1029743 1007512  892314 1121384]
2026,[  916122  1082185 12810393  1046545   948650]
2027,[1082185 1044078 1029743 5568378 1070702]
2028,[5569230 5568378 1082185 1029743 8090509]
2029,[1082185 1029743  916122 1044078 1081177]
2030,[1082185 1029743 1056509 5569471  971922]
2031,[1082185 1044078 1106523  979707 1068719]
2032,[1082185 5569230 1070820 7168026  880150]
2033,[1082185 1029743 1068719 1081177 1127758]
2034,[1126899 1082185 1106523  916122 1098844]
2036,[1024306 1051468 1126899 1029743 1019643]
2037,[1082185 1029743 1068719 1018007 1005274]
2038,[1082185 1029743 1068719 1108094  979707]
2039,[1082185 1029743 1106523 1051323 1101010]
2040,[1029743 1082185 1126899 1106523  916122]
2041,[1074333 1082185  878715 1034176  917033]
2042,[1098844 1029743 1126899 1082185 1026118]
2043,[1082185  998119 5569327 5569230  871756]
2046,[1029743 1082185 1070820  979707  944836]
2047,[1082185 1029743 1106523  916122 1126899]
2048,[1106523 1082185  916122 9835509 1075368]
2049,[ 976199 1082185 5569327 1035676  944139]
2050,[1082185 1101010  899624 8090537  979707]
2055,[5568378 1082185 1004906 1104343 1080853]
2056,[1082185 1106523 1029743 1068719 1004906]
2057,[1082185 1070820  901062 5569230 5568378]
2058,[1082185 1082990  872137  995965 5569327]
2059,[1082185 5569230 1126899 5569845 1051516]
2060,[ 986912 1082185 5569230 1029743 6534077]
2062,[1082185 1029743 1106523  854852 1044078]
2063,[1082185 1022254 6034857 1122358 1087102]
2064,[ 835098 1082185 1029743 1081177  951412]
2065,[ 1029743  1082185  1068719  8090521 12302069]
2068,[ 1070820  1082185  9245106   847573 13506200]
2070,[  986912 12810391   899624   909714  1082185]
2071,[1082185 1106523  933835  885863  899624]
2072,[1082185 1070820  837270  979707 1068719]
2075,[1082185  899624 1029743 1123842 1122358]
2076,[1082185 1106523 1098844 1029743  835098]
2077,[1106523 1082185 6463742 1004906 6391381]
2079,[1106523 1082185 1029743  979707 1026118]
2080,[952972 865528 863447 838186 845208]
2081,[1082185 1106523  879504  844179 1044078]
2082,[1082185  832678  909714  916122  970747]
2083,[1070820  845208 1132771 6534077 1082185]
2084,[1082185 6034857  878996 5569230  979707]
2085,[1082185 1070820 1101010 1029743 1126899]
2086,[1082185 1029743 1081177 1004906 5585510]
2087,[1082185  976199 1029743 5570383 5569230]
2088,[1082185 1029743 5569327 8090532 1128016]
2089,[1126899 1082185  979707 1068719  845208]
2090,[ 1082185   916122  1072523 12301100  1070845]
2091,[1082185 1138443  979707 9835509 1068719]
2094,[1082185  916993 1070820 5569374 1068719]
2095,[  986912  1068719  1106523  1082185 12302069]
2099,[1029743 1082185 1024306  883932 1101010]
2100,[1106523 1082185  944534  926905  845208]
2101,[1082185 1029743 1137346  979707 1101010]
2102,[1082185  882604  872137 6391381 5569230]
2103,[ 1029743  1082185 12946027  1121393   979707]
2105,[1082185 1106523 1029743 6602697 1127831]
2108,[1082185 1106523  983584 6533936 1029743]
2109,[ 930666  937292  999270  896862 8065410]
2110,[1082185 1029743 1098844 6034857 1106523]
2111,[1082185 1126899 1089954  916122  979707]
2112,[1029743 1126899 1082185 6034857  916122]
2114,[ 885290 1082185 1126899 1056509 1000753]
2115,[1070820 1082185 5569845 5569327  965766]
2116,[1082185 1105917 1029743 1070820 1098844]
2119,[1082185  899624  965766 1035676  916122]
2120,[1082185  979707 1068719  845208 6034857]
2121,[1082185 1026118 1081177  971922  866211]
2122,[1082185  979707 1068719  845208 6034857]
2123,[ 824180  899624 1029743 1056509  993638]
2124,[1029743 1126899 1106523 1082185  944836]
2125,[1029743  976199 1068719  882247 1082185]
2126,[ 833724 1082185 6034857  976199 1104343]
2129,[1029743 1070820 5569471 1082185 1081177]
2130,[1068719 1082185  836445  899624 1101706]
2131,[1070820 1029743  986912 1082185  965766]
2132,[1082185  990797  832678  914318  979707]
2133,[1126899 1082185 1019247 1029743 1137775]
2134,[1082185  865705 1098844  844179 1038985]
2135,[1082185  986912 1040807 1137775 1100972]
2136,[ 901062  860248 1024306 6602729  951412]
2137,[12302069  1082185  1068719  1029743   952163]
2138,[1070820 1082185 1029743 1038663 1075368]
2139,[1082185 1029743 1132771 1068719 1070820]
2141,[1070820 1106523  901062  933835  971922]
2142,[1029743  913210  919423 1126899  947201]
2145,[1082185 6534030  979707 1068719  845208]
2146,[1082185 1029743 1106523  944836  882604]
2147,[1106523 1082185  976199 1128240 1005274]
2148,[1082185 1106523  896862 1101010  937292]
2149,[1106523 1082185  849202 5569230  910473]
2151,[1082185  846823 1122358 1070702 1029743]
2153,[1082185 1029743 1122358  944139 1004906]
2154,[1106523 1082185  901062 1101010  870547]
2155,[1082185  894439 5585510  844179  981086]
2156,[1029743 1122358 1082185  913210  834117]
2158,[1082185  844179  986912 6034857  907631]
2159,[1106523 1082185 1029743  839656 1004906]
2160,[ 1082185 12262978  1070702 12262830 12262778]
2161,[1126899 9296919  944836  906838 5569230]
2162,[ 896085 1082185 1029743 5569471 1070272]
2163,[1082185 5569471 8090532  979707 1068719]
2167,[ 1082185  1106523  5569230  1044078 12302069]
2168,[8090521 7442008 5568378 1082185  856252]
2169,[1082185 1126899 1119761  831628  979707]
2170,[1013928 5569230 1029743 8090537 5568489]
2171,[1082185  883932 1013167 1100972  832678]
2172,[1082185 1070820 1029743  849202  995965]
2173,[1082185 1106523 1029743  899624  865456]
2174,[1082185 1106523 1126899 1075368  917816]
2175,[1082185  823990 1119761  890695  990797]
2176,[1082185 1106523  844179 1044078 1075368]
2179,[1082185 1106523  895166  999858  944534]
2181,[1082185 1009187 5569471 1104343  971922]
2182,[1082185 1029743 1106523  979707  946839]
2183,[1082185 1029743 1098248  948670 6034857]
2184,[1082185 1029743 1106523  863885 1075214]
2185,[1082185  909714 1008547  865456 1050851]
2186,[1106523 1075368 1101010 1037840 1082185]
2188,[1106523 1082185 1101010  819978  885863]
2189,[1082185 1029743 1062002  913210  983584]
2190,[1106523 1082185 5568378 1075368 1042907]
2193,[1082185 1005274 5569845 1070820 1098844]
2194,[1081177 1082185  854852  866211 1104343]
2195,[1126899 1082185  940947 1055504  901062]
2196,[1082185 1029743 5569374  963971 1055504]
2197,[1082185  879504 5569230 1021324 1044078]
2198,[ 892573 1137775  865026 1135834  844179]
2199,[1070820 1029743 1126899  916993 1082185]
2200,[ 919534  916122 1082185  865456  999858]
2202,[1082185  979707 1068719  845208 6034857]
2203,[1082185 1126899 1029743 1070820  979707]
2204,[1082185 1044078  845208  916122 1106523]
2205,[1082185 1029743 1028891 1050851  948650]
2206,[1029743 1082185  999104 1137775  979707]
2207,[ 986912 1081177  916122 1043494 1029743]
2208,[1106271 5568378  883932 1082185 1106523]
2209,[1029743 1082185 1070820 1098844  979707]
2211,[1070820 1082185 1106523 1060408 1126899]
2212,[1082185  979707 1068719  845208 6034857]
2213,[1082185 1104343  999270 1126899 1106523]
2214,[1082185  979707 1068719  845208 6034857]
2215,[1082185 1106523 1128240 6034857  979707]
2217,[1029743 1082185 1070820  916122 1040807]
2221,[1082185 1126899 1050851 1060408 1070820]
2222,[1082185 1024306  832678 5569230 1029743]
2223,[1082185 1029743  979707 5569845 1068719]
2224,[1082185 1070820  957063 1038985 1122358]
2225,[1070820 1082185 1126899  829852  963971]
2226,[1082185  986912 1126899 1106523 1070820]
2228,[1082185 1029743 1106523 1037840 5569845]
2229,[ 880427 1082185 1034176 1070820 1055504]
2231,[1082185 1070820 1024306 1009187  944836]
2233,[1082185 1081177  908318 1098844 1055425]
2234,[ 854852 1082185 1104343  940947  854754]
2235,[ 1082185 12731436   979707   999104  1022254]
2237,[1082185  976199 1126899  916122  913210]
2238,[1029743 1082185 1127758  834117 1101010]
2239,[1082185 1029743  965766 8090521  896085]
2240,[1029743 1106523 5568378 5569230 5569845]
2241,[1029743 1082185 1122358  899624 8273833]
2243,[1082185 5570383 1004906  901776  899624]
2244,[1106523 1029743 1068719 9836106 1044078]
2245,[1106523 1082185 1098248 1044078 1081177]
2247,[1042544 1106523  863447  872137  844179]
2248,[1082185  893018 1126899 1106523  998119]
2250,[1082185  979707 1022254 5569471  916122]
2252,[1082185 1106523 1029743 6034857 1098844]
2253,[1082185 1029743 1038663  979707 1068719]
2256,[1082185  979707 1068719  845208 6034857]
2257,[1106523 1082185 1104349 1029743 1068719]
2258,[1082185 1126899  901666  885290 1082212]
2259,[1082185  979707 1068719  845208 6034857]
2260,[1082185 1029743  979707 1081177 6034857]
2261,[1106523  983584 1037840  833724 1122358]
2262,[1019247  893018 1122358 1082185 1074754]
2263,[ 976199  986912 6602697 1044078 1029743]
2264,[1126899  976199 1082185  916122  854852]
2266,[ 845208  993638 1024306  951412  963868]
2267,[1126899  913210 1082185 6034857 6514160]
2269,[1082185 5568729 6034857  844179 5569230]
2270,[1044078 1082185  999104 1035676  834117]
2271,[1082185 1062002  871611  965766  993638]
2272,[1082185 1029743 1104343 1040807 1019643]
2273,[1082185 1029743  880427 1098248 6602729]
2274,[ 913210 1082185 1004906  986912 1013928]
2275,[  916122  1082185 10149640   907099   844179]
2276,[ 1082185   946839 12946027   983584  1050851]
2277,[1106523 1082185 1075368 1029743 1051323]
2278,[1082185 1070820 1004436  901062 7166861]
2279,[1082185 8090537 8090532  979707 7166861]
2280,[1070820 1082990 1137775 1101010 5569471]
2281,[1126899 6534077  913210 6602697 1019643]
2282,[1082185 1070820  979707  833724 1022254]
2283,[1082185  914318 1029743 1126899 1070820]
2284,[ 979707 1082185  916122 1046756  951412]
2285,[1082185  999198  857503 8090536 5568249]
2287,[1082212 1027168 1082185 1029743 1126899]
2288,[1082185 1126899 1070820  976199 1122358]
2289,[1029743 1082185  913210 5569230  845208]
2290,[1082185 1029743  883003  825365 1101010]
2291,[ 986912 1082185  979707 1068719  845208]
2292,[1082185  865456 1029743  998119  948670]
2293,[1126899 1070820 1038985  913210 1082185]
2294,[1082185 1029743 5587656 5592610  957063]
2295,[1106523 1082185  976199  845208 1068719]
2296,[1029743 1070820 1082185 1098844  913210]
2297,[1082185 1106523 1127758 1081177  979707]
2298,[1106523 1082185 1029743  844179  945662]
2299,[ 916122 6602697 1082185 1062002  935317]
2300,[ 1029743 10344585   999104  1082185   965766]
2301,[1029743 1082185 5569230 5568489  916122]
2302,[1082185 1029743  916993 1122358 1102416]
2303,[1029743 1082185 1106523 5569230  983584]
2305,[1029743  983584 1082185 1056509 1006184]
2307,[1082185  883003  976199 1112238 1006184]
2308,[1082185  979707 1029743 1068719  845208]
2310,[1082185  979707 1068719  999779 5568378]
2312,[1082185 6034857 1070820  916122  854852]
2314,[1126899 1082185 1131488  916993 1048257]
2315,[1082185  979707 1068719  845208 6034857]
2317,[1082185 1029743 1024306  916122 1040807]
2319,[1082185 1029743 1075368 1051516  979707]
2322,[1082185 1127831 1135476  963868  854852]
2323,[1082185  979707 1068719  895295  845208]
2324,[1029743 1082185 1106523 1104343  907099]
2325,[1082185  979707 1068719  845208 6034857]
2328,[1082990 1127831 1082185 1106523  916122]
2330,[1082185 1101010 8090536 1106523  860248]
2331,[1082185  856252 1103105 1029743 1044078]
2333,[1082185 6533936  979707 1068719  845208]
2334,[1029743  892573 8293447 1102416 1082185]
2335,[ 1082185   899624  1019247 12302069  1106523]
2336,[1082185 1029743 1106523 1122358 1126899]
2337,[1082185 1067695 1081177  845208 1097001]
2338,[1106523 1082990 1082185 5569327  986912]
2339,[1082185 1106523  986912 1083787 1081177]
2340,[1082185 1106523 5568489 8090521  871061]
2341,[1082185 1029743  976199 1081177 1106523]
2342,[1082185 1029743 5569230  990797  901062]
2343,[1082185  916122 1029743  883003 1087102]
2344,[1082185 1106523 6534035 5569230 5569845]
2345,[1029743 5569230 1004436  844179 1106523]
2347,[1082185 1029743 1056509 8090521 5568489]
2349,[1029743 1082185 1070820  979707 1068719]
2350,[1082185 1101010  885863 1029743 1132771]
2351,[1029743  976199 1126899  845208 1082185]
2352,[1082185  834117 1059902 5568378 8293447]
2354,[1126899  913210  916122 1112238  944836]
2359,[1106523 1082185 1103105 1044078 1122358]
2360,[1029743 1082185  909714 1070820  916122]
2361,[ 1126899 12811532  1082185   916122 12810393]
2363,[6602697 1082185  944137 1042544  833724]
2364,[1082185  979707 1068719  845208 1022254]
2366,[ 948670 1044078 1004906 1082185  834117]
2368,[1029743 1082185 1126899  916122  979707]
2369,[1082185 1029743  952163 1070820 1106523]
2370,[1070820 1082185  865456  897954  825365]
2372,[1038985 1082185 1029743 5569845 1037840]
2373,[1082185  979707 1068719  845208 6034857]
2374,[1070820 1082185 1019643 6533608  901062]
2375,[1106523 5585510  899624  989069 1132771]
2376,[1029743 1082185 1126899  845208  834117]
2377,[1082185  866211 1004906  844179  910032]
2378,[ 1029743  1082185   916122  1022254 10149640]
2379,[1126899  854405 1082185 5569327  946839]
2380,[1029743 1082185 1122358  848319 1081177]
2381,[1082185 1044078  890695 1131344  986912]
2385,[1106523 1082185 1029743 1044078 1068719]
2386,[1029743 1050851 1082185 5568378 1070820]
2387,[1082185 1126899  940947  885290  896085]
2388,[1106523 1029743 1082185  890695  856252]
2389,[1029743 1082185 1106523  937292  930666]
2392,[1068719 5568378  965766  895166 1004906]
2393,[1082185  907099  976199  863447 1022254]
2394,[ 1082185  5569327 12810393   998119   979707]
2395,[1029743 1082185 1106523 5568378  986912]
2397,[1082185  883932  979707  865026  878996]
2399,[1082185 1106523  979707 1068719  845208]
2400,[1014948 1082185  838186 6534480 1106523]
2401,[1106523 1082185  845208  825343  848029]
2404,[1082185  979707 1068719  845208 6034857]
2405,[ 1029743  6602697  1082185 12946027  5568378]
2406,[1082185 1126899  949294 1075368  834117]
2407,[1029743 1082185  976199  865456 5568249]
2408,[1029743  908318  946995 1138443 9527159]
2410,[1106523 1070820 1037840 1029743 1082185]
2412,[1106523 1044078 9836106 1101010 1068719]
2416,[ 1126899  1098844  1082185 12810391  1029743]
2418,[ 1029743  1082185  1044078 12301100  1004906]
2420,[ 1068719  1029743  1106523   944534 12731714]
2421,[1082185  883003  854852  999104  878996]
2424,[1029743 1082185 1126899  916993 6034857]
2425,[1029743 1082185 1070820 5569845  916122]
2426,[1029743 1058404 1082185 1044078 9836106]
2427,[ 980823 1082185  856252  916122 1126899]
2429,[1029743 1082185 1044078 1106523 5569845]
2431,[1106523 1082185  845208 1004906 5569230]
2434,[1082185 1106523 1029743  916122 1083446]
2435,[1029743 1082185  899624 1081177 1046545]
2437,[1082185  885290  901062 1004906  979707]
2438,[1082185  892531  951412  849202  916122]
2439,[1082185 1106523 1070820 1022254 1098844]
2440,[1082185  916122 1106523  972143 1068292]
2441,[1029743 1082185 7168026 1024306  948670]
2442,[1082185 5569230 1126899  860248  979707]
2445,[ 933835  844179 1029743 1087102 1082185]
2446,[1082185  963868  961979 1126899  854852]
2447,[1135476 1082185  944137  908318 1062002]
2448,[1106523 1082185 6034857 7168026  993638]
2449,[1029743 1098844 1082185  979707 1009187]
2450,[1082185  976199 1070820 6034857 1051468]
2451,[ 854852 1126899 1081177 1029743  948670]
2452,[1082185 5568378 1127758 1081177 1051323]
2453,[1082185 1070820  976199 6034857 1106271]
2455,[1029743 1082185 1106523 5569845 5569471]
2456,[1082185 1126899  916122  847573 1070702]
2457,[1082185 1106523 1104343  916122 5568378]
2458,[ 965842 1082185  901062  885290 1041796]
2459,[1029743 1082185  899624 1051323 1050851]
2460,[1082185 5569230 5569471 1021324 1068719]
2461,[1098844  854405 1022254 1082185 6034857]
2462,[6034857  916122  979707  882247 1029743]
2464,[1082185  979707 1068719 1070820  845208]
2465,[1082185  986912  944534  844179  979707]
2466,[1082185 1029743 1122358 1019247 1068719]
2467,[1126899 1082185 1055425  909714 1083446]
2470,[1082185  961979  979707 1068719  845208]
2471,[1082185 1029743  995478 1062002  848319]
2472,[1029743 1082185 1122358 1068719 1068292]
2475,[1070820  971922 5569327 1126899 1108094]
2477,[1082185 1098844  916122 1126899  845208]
2478,[1082185  979707  872137 1106523  965766]
2479,[ 916122 1106523 1082185 1135476 1127831]
2481,[1029743 1126899  823775 1056509 5568378]
2482,[1106523 1029743  843464 1082185 5569327]
2483,[1082185 6533936 1070820 1137775 1029743]
2484,[1029743  878715  913210  834117  899624]
2485,[1082185 5569230  971922 5569471 1070845]
2486,[1082185 1029743 1106523 8090521 5569230]
2488,[1070820  913210 1082185  965766  919534]
2489,[1082185 1029743 1068719 1098844 5568729]
2492,[1106523 1126899 1082185  914577  944139]
2494,[1082185  969568 1070820  906838 1029743]
2496,[1082185 5569230 1106523  979707  916122]
2497,[1029743 8177622 1082185 1135834 1070820]
2498,[1070820 1082185 1126899  999104 1106523]
2499,[5569327 5568378 1070820 1082185  999198]
2500,[1082185 1126899 1019643  979707 1048257]
